Name,Website,Featured,Stage,Industry,Tags,Region,Startup HQ,NumOfTags,Funding (USD),CompanySize,Funding_min,rate_percent,Allign with 2030,Funding_Avg,Opportunity_Level,Year of establishment
Lean,https://www.leantech.me,,Series B,Financial Services,Fintech Infrastructure,Riyadh,Saudi Arabia,1,15M – 30M,Startup / Small,15000000.0,75.6,Yes,22.50M,High,2019
Foodics,https://www.foodics.com/,,Series C,"Technology ,Food & Beverages ","SaaS,Financial Solution",Riyadh,Saudi Arabia,2,25M – 50M,Startup / Small,25000000.0,75.6,Yes,37.50M,High,2014
Salla,https://salla.com/,True,Private Equity,Technology ,SaaS,Makkah,Saudi Arabia,1,50M – 500M+,Large,50000000.0,13.68,Yes,275.00M,High,2016
Nana,https://nana.co/en,True,Series C,Food & Beverages ,"Last Mile Delivery,Marketplace,E-Commerce",Riyadh,Saudi Arabia,3,25M – 50M,Startup / Small,25000000.0,75.6,Yes,37.50M,High,2016
Mozn,https://www.mozn.sa,True,Pre-Series B,Technology ,AI & Machine Learning,Riyadh,Saudi Arabia,1,10M – 18M,Mid-level,10000000.0,75.6,Yes,14.00M,Medium,2017
Rewaa,https://rewaatech.com,True,Series A,Technology ,"SaaS,ERP",Riyadh,Saudi Arabia,2,6M – 15M,Startup / Small,6000000.0,75.6,Yes,10.50M,Medium,2018
Zid,https://zid.sa/,True,Series B,"Technology ,Retail","SaaS,E-Commerce",Riyadh,Saudi Arabia,2,15M – 30M,Startup / Small,15000000.0,75.6,Yes,22.50M,High,2017
Classera,https://classera.com,True,Series A,Education,SaaS,Makkah,Saudi Arabia,1,6M – 15M,Startup / Small,6000000.0,13.68,Yes,10.50M,Medium,2012
Gathern,https://gathern.co,True,Pre-Series A,"Travel & Tourism,Real Estate","Marketplace,Hospitality",Riyadh,Saudi Arabia,2,2M – 6M,Startup / Small,2000000.0,75.6,Yes,4.00M,Medium,2016
Sary,https://www.sary.com/en,True,Series C,"Food & Beverages ,Retail","B2B Financing,Marketplace",Riyadh,Saudi Arabia,2,25M – 50M,Startup / Small,25000000.0,75.6,Yes,37.50M,High,2018
Syarah,https://syarah.com,True,Series B,Transportation & Automotive,"Marketplace,E-Commerce,Fintech Infrastructure",Riyadh,Saudi Arabia,3,15M – 30M,Startup / Small,15000000.0,75.6,Yes,22.50M,High,2015
Goldenscent,https://www.goldenscent.com,True,Series A,Personal Care & Beauty ,E-Commerce,Riyadh,Saudi Arabia,1,6M – 15M,Startup / Small,6000000.0,75.6,Yes,10.50M,Medium,2014
Mrsool,https://mrsool.co,True,Series A,"Food & Beverages ,Logistics ","Last Mile Delivery,Marketplace",Riyadh,Saudi Arabia,2,6M – 15M,Startup / Small,6000000.0,75.6,Yes,10.50M,Medium,2015
Grintafy,https://grintafy.com,True,Pre-Series A,Sports,"Marketplace,HR & Recruitment ",Makkah,Saudi Arabia,2,2M – 6M,Startup / Small,2000000.0,13.68,Yes,4.00M,Medium,2019
Hakbah,https://hakbah.sa,True,Series A,Financial Services,ROSCA,Riyadh,Saudi Arabia,1,6M – 15M,Startup / Small,6000000.0,75.6,Yes,10.50M,Medium,2018
Hala,https://hala.com/home,True,Series A,Financial Services,"Financial Solution,ePOS,Expense Mangement",Riyadh,Saudi Arabia,3,6M – 15M,Startup / Small,6000000.0,75.6,Yes,10.50M,Medium,2017
Rasan,https://www.rasan.co/,True,IPO,Insurance ,Marketplace,Riyadh,Saudi Arabia,1,500M – 2B+,Enterprise,500000000.0,75.6,Yes,1.25B,High,2016
Nice One,https://niceonesa.com/ar,True,IPO,Personal Care & Beauty ,E-Commerce,Riyadh,Saudi Arabia,1,500M – 2B+,Enterprise,500000000.0,75.6,Yes,1.25B,High,2016
Noon Academy,https://www.learnatnoon.com/ar-sa,True,Series B,Education,Marketplace,Riyadh,Saudi Arabia,1,15M – 30M,Startup / Small,15000000.0,75.6,Yes,22.50M,High,2013
Paytabs,https://site.paytabs.com/en/,True,Series B,Financial Services,"Payment Gateway,Financial Solution",Eastern,Saudi Arabia,2,15M – 30M,Startup / Small,15000000.0,4.97,Yes,22.50M,High,2014
OTO,https://tryoto.com,True,Series A,Logistics ,SaaS,Riyadh,Saudi Arabia,1,6M – 15M,Startup / Small,6000000.0,75.6,Yes,10.50M,Medium,2019
Unifonic,https://www.unifonic.com/en/,True,Series B,Technology ,"SaaS,Fintech Infrastructure",Riyadh,Saudi Arabia,2,15M – 30M,Startup / Small,15000000.0,75.6,Yes,22.50M,High,2006
Penny Software,https://penny.co/,True,Pre-Series A,Technology ,SaaS,Riyadh,Saudi Arabia,1,2M – 6M,Startup / Small,2000000.0,75.6,Yes,4.00M,Medium,2020
Lucidya,https://lucidya.com,True,Series A,Technology ,SaaS,Riyadh,Saudi Arabia,1,6M – 15M,Startup / Small,6000000.0,75.6,Yes,10.50M,Medium,2016
Flyakeed,https://flyakeed.com,True,Series A,Travel & Tourism,"SaaS,Marketplace,Expense Mangement",Riyadh,Saudi Arabia,3,6M – 15M,Startup / Small,6000000.0,75.6,Yes,10.50M,Medium,2017
Forus,https://www.forusinvest.com,True,Pre-Series A,Financial Services,"SME-Funding,Crowdfunding",Riyadh,Saudi Arabia,2,2M – 6M,Startup / Small,2000000.0,75.6,Yes,4.00M,Medium,2019
Cura,https://cura.sa/ar/,True,Series A,Healthcare,Telehealth ,Riyadh,Saudi Arabia,1,6M – 15M,Startup / Small,6000000.0,75.6,No,10.50M,Medium,2016
Lendo,https://lendo.sa/,True,Series B,Financial Services,"SME-Funding,Crowdfunding",Riyadh,Saudi Arabia,2,15M – 30M,Startup / Small,15000000.0,75.6,Yes,22.50M,High,2019
Aanab,https://aanaab.com,True,Series A,Education,"Subscription,HR & Recruitment ,E-Learning",Makkah,Saudi Arabia,3,6M – 15M,Startup / Small,6000000.0,13.68,Yes,10.50M,Medium,2019
Barq,https://web.barqfleet.com/,True,Series A,Transportation & Automotive,Last Mile Delivery,Riyadh,Saudi Arabia,1,6M – 15M,Startup / Small,6000000.0,75.6,Yes,10.50M,Medium,
Taffi,https://www.taffi.co/,True,Pre-Series A,Fashion,"Marketplace,E-Commerce",Riyadh,Saudi Arabia,2,2M – 6M,Startup / Small,2000000.0,75.6,Yes,4.00M,Medium,2021
Sifi,https://www.sifi.app/ar,True,Seed,Financial Services,Expense Mangement,Riyadh,Saudi Arabia,1,1M – 3M,Startup / Small,1000000.0,75.6,Yes,2.00M,Medium,2021
Sirdab,https://www.sirdab.co/,,Seed,Logistics ,Marketplace,Riyadh,Saudi Arabia,1,1M – 3M,Startup / Small,1000000.0,75.6,Yes,2.00M,Medium,2019
Tweeq,https://tweeq.sa/,,Seed,Financial Services,Digital Bank,Riyadh,Saudi Arabia,1,1M – 3M,Startup / Small,1000000.0,75.6,Yes,2.00M,Medium,2020
Lamaa,https://www.lamaa.sa/,True,Seed,Financial Services,B2B Financing,Riyadh,Saudi Arabia,1,1M – 3M,Startup / Small,1000000.0,75.6,Yes,2.00M,Medium,2021
Glamera,https://business.glamera.com/en/,,Pre-Series A,Personal Care & Beauty ,SaaS,Riyadh,Saudi Arabia,1,2M – 6M,Startup / Small,2000000.0,75.6,Yes,4.00M,Medium,2019
Sweater,https://www.sweater.sa/,,Pre-Series A,Transportation & Automotive,"E-Commerce,Subscription",Riyadh,Saudi Arabia,2,2M – 6M,Startup / Small,2000000.0,75.6,Yes,4.00M,Medium,2022
Fifo Plus,https://www.fifoplus.com/,,Pre-Series A,Food & Beverages ,"Marketplace,B2B Financing",Makkah,Saudi Arabia,2,2M – 6M,Startup / Small,2000000.0,13.68,Yes,4.00M,Medium,2021
DailyMealz,https://dailymealz.com/?lang=en,,Pre-Series A,Food & Beverages ,Subscription,Riyadh,Saudi Arabia,1,2M – 6M,Startup / Small,2000000.0,75.6,No,4.00M,Medium,2017
Jeel,https://pay.jeelapp.com/,,Seed,Education,BNPL,Riyadh,Saudi Arabia,1,1M – 3M,Startup / Small,1000000.0,75.6,Yes,2.00M,Medium,2019
Morni,https://www.morniksa.com/?locale=en,True,Series B,Transportation & Automotive,"Marketplace,E-Commerce",Riyadh,Saudi Arabia,2,15M – 30M,Startup / Small,15000000.0,75.6,Yes,22.50M,High,2014
Sabbar,https://sabbar.com/en,True,Pre-Series A,HR & Recruitments,Marketplace,Riyadh,Saudi Arabia,1,2M – 6M,Startup / Small,2000000.0,75.6,Yes,4.00M,Medium,2019
Quant,https://www.quant.sa/,True,Pre-Series A,Technology ,AI & Machine Learning,Riyadh,Saudi Arabia,1,2M – 6M,Startup / Small,2000000.0,75.6,Yes,4.00M,Medium,2016
PalmHR,https://palmhr.net/,,Pre-Series A,"Technology ,HR & Recruitments","SaaS,ERP",Riyadh,Saudi Arabia,2,2M – 6M,Startup / Small,2000000.0,75.6,Yes,4.00M,Medium,2019
PiFlow,https://www.piflow.net/,,Seed,Technology ,"SaaS,ERP",Riyadh,Saudi Arabia,2,1M – 3M,Startup / Small,1000000.0,75.6,Yes,2.00M,Medium,2017
Qoyod,https://www.qoyod.com,True,Pre-Series A,Technology ,"SaaS,ERP",Riyadh,Saudi Arabia,2,2M – 6M,Startup / Small,2000000.0,75.6,Yes,4.00M,Medium,2016
Salasa,http://salasa.co/,,Series B,Logistics ,Subscription,Riyadh,Saudi Arabia,1,15M – 30M,Startup / Small,15000000.0,75.6,No,22.50M,High,2016
Taker,https://taker.io/,,Pre-Series A,"Technology ,Food & Beverages ",SaaS,Riyadh,Saudi Arabia,1,2M – 6M,Startup / Small,2000000.0,75.6,Yes,4.00M,Medium,2019
Vom,https://getvom.com/,,Pre-Series A,Technology ,"SaaS,ERP",Riyadh,Saudi Arabia,2,2M – 6M,Startup / Small,2000000.0,75.6,Yes,4.00M,Medium,2020
Wosul,https://wosul.sa/,,Pre-Series A,Technology ,"SaaS,ERP",Riyadh,Saudi Arabia,2,2M – 6M,Startup / Small,2000000.0,75.6,Yes,4.00M,Medium,2020
Shgardi,https://shgardi.app/en/index.html,True,Pre-Series A,Food & Beverages ,"Last Mile Delivery,Marketplace",Eastern,Saudi Arabia,2,2M – 6M,Startup / Small,2000000.0,4.97,Yes,4.00M,Medium,2019
Suplift,https://suplift.com,,Seed,Entertainment,Marketplace,Riyadh,Saudi Arabia,1,1M – 3M,Startup / Small,1000000.0,75.6,Yes,2.00M,Medium,2016
Tamra Captial,https://tamracapital.sa,,Series B,Financial Services,Robo-Advisory ,Riyadh,Saudi Arabia,1,15M – 30M,Startup / Small,15000000.0,75.6,Yes,22.50M,High,2021
Telgani,https://www.telgani.com/en/home,,Seed,Transportation & Automotive,E-Commerce,Riyadh,Saudi Arabia,1,1M – 3M,Startup / Small,1000000.0,75.6,Yes,2.00M,Medium,
The Chefz,https://thechefz.co/en/,True,Seed,Food & Beverages ,"Last Mile Delivery,Marketplace",Riyadh,Saudi Arabia,2,1M – 3M,Startup / Small,1000000.0,75.6,Yes,2.00M,Medium,2017
Walaplus,https://www.walaplus.com,,Seed,Technology ,Loyalty ,Riyadh,Saudi Arabia,1,1M – 3M,Startup / Small,1000000.0,75.6,Yes,2.00M,Medium,2018
Juleb,https://juleb.com,True,Seed,Healthcare,SaaS,Makkah,Saudi Arabia,1,1M – 3M,Startup / Small,1000000.0,13.68,Yes,2.00M,Medium,
Labayh,https://labayh.net/ar/,True,Pre-Series A,Wellness & Mental Health,Telehealth ,Riyadh,Saudi Arabia,1,2M – 6M,Startup / Small,2000000.0,75.6,No,4.00M,Medium,2018
Mismar,https://mismarapp.com,True,Seed,Transportation & Automotive,"SaaS,Marketplace,E-Commerce",Riyadh,Saudi Arabia,3,1M – 3M,Startup / Small,1000000.0,75.6,Yes,2.00M,Medium,
Ejaro,https://www.ejaro.com,True,Pre-Series A,Transportation & Automotive,Marketplace,Makkah,Saudi Arabia,1,2M – 6M,Startup / Small,2000000.0,13.68,Yes,4.00M,Medium,
Algooru,https://www.algooru.com,True,Pre-Series A,Education,Marketplace,Riyadh,Saudi Arabia,1,2M – 6M,Startup / Small,2000000.0,75.6,Yes,4.00M,Medium,2021
Circlys,https://circlys.com,True,Seed,Financial Services,ROSCA,Riyadh,Saudi Arabia,1,1M – 3M,Startup / Small,1000000.0,75.6,Yes,2.00M,Medium,2017
Own,https://own.sa/,,Seed,Real Estate,Marketplace,Riyadh,Saudi Arabia,1,1M – 3M,Startup / Small,1000000.0,75.6,Yes,2.00M,Medium,2023
Ejari,https://ejari.sa/,True,Pre-Series A,Real Estate,BNPL,Riyadh,Saudi Arabia,1,2M – 6M,Startup / Small,2000000.0,75.6,Yes,4.00M,Medium,2015
Wakecap,https://www.wakecap.com/,,Pre-Series A,Construction,Hardware & loT & Drones,Riyadh,Saudi Arabia,1,2M – 6M,Startup / Small,2000000.0,75.6,Yes,4.00M,Medium,2018
BuildNow,https://www.buildnow.sa/,True,Pre-Series A,Construction,B2B Financing,Riyadh,Saudi Arabia,1,2M – 6M,Startup / Small,2000000.0,75.6,Yes,4.00M,Medium,2020
Resal,https://resal.me/en/,True,Pre-Series A,Technology ,Loyalty ,Riyadh,Saudi Arabia,1,2M – 6M,Startup / Small,2000000.0,75.6,Yes,4.00M,Medium,2018
Soum,https://soum.sa/,True,Pre-Series A,"Retail,Electronics ",Social Commerce ,Riyadh,Saudi Arabia,1,2M – 6M,Startup / Small,2000000.0,75.6,Yes,4.00M,Medium,2016
Barq,https://barq.com/,True,Seed,Financial Services,Digital Bank,Riyadh,Saudi Arabia,1,1M – 3M,Startup / Small,1000000.0,75.6,Yes,2.00M,Medium,
Ithnain,https://ithnain.com/,True,Seed,"Healthcare,Wellness & Mental Health",Marketplace,Riyadh,Saudi Arabia,1,1M – 3M,Startup / Small,1000000.0,75.6,Yes,2.00M,Medium,2019
Qawafel,https://www.qawafel.sa/,,Seed,Food & Beverages ,Marketplace,Riyadh,Saudi Arabia,1,1M – 3M,Startup / Small,1000000.0,75.6,Yes,2.00M,Medium,2020
Lawazem,https://www.lawazem.com/,,Seed,Retail,Marketplace,Riyadh,Saudi Arabia,1,1M – 3M,Startup / Small,1000000.0,75.6,Yes,2.00M,Medium,2020
Mawidy,https://mawidy.com/en/,,Seed,Healthcare,Marketplace,Riyadh,Saudi Arabia,1,1M – 3M,Startup / Small,1000000.0,75.6,Yes,2.00M,Medium,
1pass,https://1pass.app/#home,,Seed,Sports,"SaaS,Subscription",Makkah,Saudi Arabia,2,1M – 3M,Startup / Small,1000000.0,13.68,Yes,2.00M,Medium,2017
Abqary,https://abqary-academy.com,,Seed,Education,E-Learning,Riyadh,Saudi Arabia,1,1M – 3M,Startup / Small,1000000.0,75.6,Yes,2.00M,Medium,
Airbius,https://arabius.com,,Seed,Education,E-Learning,Riyadh,Saudi Arabia,1,1M – 3M,Startup / Small,1000000.0,75.6,Yes,2.00M,Medium,2020
Ajdur,https://ajdur.com/sa,,Seed,Education,E-Learning,Riyadh,Saudi Arabia,1,1M – 3M,Startup / Small,1000000.0,75.6,Yes,2.00M,Medium,
Alkhattat,https://www.alkhattat.net,,Seed,Education,E-Learning,Riyadh,Saudi Arabia,1,1M – 3M,Startup / Small,1000000.0,75.6,Yes,2.00M,Medium,
Almosafer,https://www.almosafer.com/ar,,Private Equity,Travel & Tourism,Marketplace,Riyadh,Saudi Arabia,1,50M – 500M+,Large,50000000.0,75.6,Yes,275.00M,High,2012
Aqssar,https://www.aqssar.com,,Seed,Education,Streaming,Riyadh,Saudi Arabia,1,1M – 3M,Startup / Small,1000000.0,75.6,Yes,2.00M,Medium,
As3a,https://as3a.com,,Seed,HR & Recruitments,Marketplace,Makkah,Saudi Arabia,1,1M – 3M,Startup / Small,1000000.0,13.68,Yes,2.00M,Medium,2019
Avokado,https://avokado.sa,,Seed,Food & Beverages ,E-Commerce,Riyadh,Saudi Arabia,1,1M – 3M,Startup / Small,1000000.0,75.6,Yes,2.00M,Medium,
B8ak,https://www.b8ak.com,,Seed,Professional Service ,Marketplace,Eastern,Saudi Arabia,1,1M – 3M,Startup / Small,1000000.0,4.97,Yes,2.00M,Medium,
Bonat,https://www.bonat.io,,Seed,Technology ,Loyalty ,Riyadh,Saudi Arabia,1,1M – 3M,Startup / Small,1000000.0,75.6,Yes,2.00M,Medium,2018
Dafater,https://dafater.sa,,Pre-Series A,Technology ,"SaaS,ERP",Riyadh,Saudi Arabia,2,2M – 6M,Startup / Small,2000000.0,75.6,Yes,4.00M,Medium,2010
Direct,https://directksa.com/ar/,,Seed,Travel & Tourism,E-Commerce,Riyadh,Saudi Arabia,1,1M – 3M,Startup / Small,1000000.0,75.6,Yes,2.00M,Medium,
Elham,https://www.elham.sa,,Seed,Education,"SaaS,E-Learning",Riyadh,Saudi Arabia,2,1M – 3M,Startup / Small,1000000.0,75.6,Yes,2.00M,Medium,2018
ِEstbyani,https://estbyani.com,,Seed,Technology ,SaaS,Riyadh,Saudi Arabia,1,1M – 3M,Startup / Small,1000000.0,75.6,Yes,2.00M,Medium,2020
Ezhalha,https://ezhalha.com.sa/services,,Seed,Transportation & Automotive,"E-Commerce,Marketplace",Riyadh,Saudi Arabia,2,1M – 3M,Startup / Small,1000000.0,75.6,Yes,2.00M,Medium,2014
Faheem,https://www.faheemapp.com,,Seed,Education,Marketplace,Riyadh,Saudi Arabia,1,1M – 3M,Startup / Small,1000000.0,75.6,Yes,2.00M,Medium,
Falconviz,https://www.falconviz.com,,Seed,Technology ,Hardware & loT & Drones,Makkah,Saudi Arabia,1,1M – 3M,Startup / Small,1000000.0,13.68,Yes,2.00M,Medium,2015
Flyin,https://www.flyin.com,,Series A,Travel & Tourism,"E-Commerce,Marketplace",Riyadh,Saudi Arabia,2,6M – 15M,Startup / Small,6000000.0,75.6,Yes,10.50M,Medium,2006
GAGA,https://gaga-app.com/,,Seed,Education,"E-Learning,Marketplace",Eastern,Saudi Arabia,2,1M – 3M,Startup / Small,1000000.0,4.97,Yes,2.00M,Medium,
Geeks Valley,https://geeksvalley.com,,Seed,Electronics ,E-Commerce,Makkah,Saudi Arabia,1,1M – 3M,Startup / Small,1000000.0,13.68,Yes,2.00M,Medium,2015
Geidea,https://www.geidea.net/,,Private Equity,Financial Services,"ePOS,Payment Gateway,Financial Solution",Riyadh,Saudi Arabia,3,50M – 500M+,Large,50000000.0,75.6,Yes,275.00M,High,2008
Haboob,https://haboob.sa,,Seed,Technology ,Cyber Security ,Riyadh,Saudi Arabia,1,1M – 3M,Startup / Small,1000000.0,75.6,Yes,2.00M,Medium,2018
HalaYalla,https://halayalla.com/sa-en,,Seed,"Travel & Tourism,Technology ","E-Commerce,Marketplace",Riyadh,Saudi Arabia,2,1M – 3M,Startup / Small,1000000.0,75.6,Yes,2.00M,Medium,
Haraj,https://haraj.com.sa,True,Private Equity,"Social,Technology ","Advertisement,Social Commerce ",Riyadh,Saudi Arabia,2,50M – 500M+,Large,50000000.0,75.6,Yes,275.00M,High,
Haseel,https://haseelapp.com,,Series A,Food & Beverages ,"Marketplace,E-Commerce",Riyadh,Saudi Arabia,2,6M – 15M,Startup / Small,6000000.0,75.6,Yes,10.50M,Medium,
Hudhud,https://www.hudhud.ai,,Seed,Technology ,AI & Machine Learning,Riyadh,Saudi Arabia,1,1M – 3M,Startup / Small,1000000.0,75.6,Yes,2.00M,Medium,
Hungerstation,https://hungerstation.com/sa-ar,,Private Equity,Food & Beverages ,"Marketplace,Last Mile Delivery,E-Commerce",Riyadh,Saudi Arabia,3,50M – 500M+,Large,50000000.0,75.6,Yes,275.00M,High,2012
Iajeer,https://www.iajeer.com,,Seed,Professional Service ,Marketplace,Riyadh,Saudi Arabia,1,1M – 3M,Startup / Small,1000000.0,75.6,Yes,2.00M,Medium,2017
idrive,https://idrive-ksa.com,,Seed,Transportation & Automotive,"E-Commerce,Subscription",Riyadh,Saudi Arabia,2,1M – 3M,Startup / Small,1000000.0,75.6,Yes,2.00M,Medium,2019
Istoria,https://istoria.app/en/,True,Seed,Education,E-Learning,Riyadh,Saudi Arabia,1,1M – 3M,Startup / Small,1000000.0,75.6,Yes,2.00M,Medium,2020
Jareed,https://www.jareed.net,,Seed,Media,Advertisement,Makkah,Saudi Arabia,1,1M – 3M,Startup / Small,1000000.0,13.68,Yes,2.00M,Medium,2018
Lugmety,https://lugmety.com,,Pre-Series A,Food & Beverages ,"E-Commerce,Marketplace,Last Mile Delivery",Makkah,Saudi Arabia,3,2M – 6M,Startup / Small,2000000.0,13.68,Yes,4.00M,Medium,2017
Maharah,https://maharah.co,,Seed,Professional Service ,Marketplace,Makkah,Saudi Arabia,1,1M – 3M,Startup / Small,1000000.0,13.68,Yes,2.00M,Medium,2020
Marn,https://marn.io,,Seed,HR & Recruitments,Marketplace,Riyadh,Saudi Arabia,1,1M – 3M,Startup / Small,1000000.0,75.6,Yes,2.00M,Medium,
Mntrni,https://get.mntrni.com,,Seed,"Consulting,Professional Service ",Marketplace,Makkah,Saudi Arabia,1,1M – 3M,Startup / Small,1000000.0,13.68,Yes,2.00M,Medium,2016
Munjz,https://munjz.com,True,Series A,"Real Estate,Professional Service ","SaaS,Marketplace",Riyadh,Saudi Arabia,2,6M – 15M,Startup / Small,6000000.0,75.6,Yes,10.50M,Medium,2022
Namthaja,https://namthaja.com,,Seed,Manufacturing ,3D Printing,Eastern,Saudi Arabia,1,1M – 3M,Startup / Small,1000000.0,4.97,Yes,2.00M,Medium,2019
Passioneurs,https://www.passioneurs.net/ar,,Seed,"Professional Service ,Art & Design",Marketplace,Makkah,Saudi Arabia,1,1M – 3M,Startup / Small,1000000.0,13.68,Yes,2.00M,Medium,2020
Print.sa,https://www.print.sa,,Seed,Art & Design,E-Commerce,Makkah,Saudi Arabia,1,1M – 3M,Startup / Small,1000000.0,13.68,Yes,2.00M,Medium,2018
Qdrat,https://qdrat.com,,Seed,Education,E-Learning,Riyadh,Saudi Arabia,1,1M – 3M,Startup / Small,1000000.0,75.6,Yes,2.00M,Medium,2020
Qewam,https://www.qewam.com,,Seed,Technology ,SaaS,Makkah,Saudi Arabia,1,1M – 3M,Startup / Small,1000000.0,13.68,Yes,2.00M,Medium,2020
Rain,https://www.rain.com,,Series B,Financial Services,Cryptocurrencies & NFTs,Eastern,Saudi Arabia,1,15M – 30M,Startup / Small,15000000.0,4.97,No,22.50M,High,2013
Rawaq,https://www.rwaq.org,,Seed,Education,E-Learning,Riyadh,Saudi Arabia,1,1M – 3M,Startup / Small,1000000.0,75.6,Yes,2.00M,Medium,2011
Ri7laty,https://www.ri7laty.com,,Seed,"Education,Travel & Tourism","E-Commerce,Marketplace",Riyadh,Saudi Arabia,2,1M – 3M,Startup / Small,1000000.0,75.6,Yes,2.00M,Medium,2017
Sadeem,https://sadeemwss.com,,Seed,Technology ,Hardware & loT & Drones,Makkah,Saudi Arabia,1,1M – 3M,Startup / Small,1000000.0,13.68,Yes,2.00M,Medium,2021
Saee,https://saee.sa,,Seed,Logistics ,Last Mile Delivery,Makkah,Saudi Arabia,1,1M – 3M,Startup / Small,1000000.0,13.68,Yes,2.00M,Medium,2019
Sajil,https://www.sajil.org,,Seed,Technology ,APP Dev & PaaS,Riyadh,Saudi Arabia,1,1M – 3M,Startup / Small,1000000.0,75.6,Yes,2.00M,Medium,2003
Sanar,https://www.sanar.sa,True,Seed,Healthcare,Telehealth ,Riyadh,Saudi Arabia,1,1M – 3M,Startup / Small,1000000.0,75.6,No,2.00M,Medium,2019
Sawerly,http://sawerly.com,,Seed,Professional Service ,Marketplace,Makkah,Saudi Arabia,1,1M – 3M,Startup / Small,1000000.0,13.68,Yes,2.00M,Medium,
Scalers,https://www.withscalers.com,,Seed,HR & Recruitments,Marketplace,Eastern,Saudi Arabia,1,1M – 3M,Startup / Small,1000000.0,4.97,Yes,2.00M,Medium,2020
Speero,https://speero.net,,Seed,Transportation & Automotive,Marketplace,Riyadh,Saudi Arabia,1,1M – 3M,Startup / Small,1000000.0,75.6,Yes,2.00M,Medium,2017
Tabib Group,https://tabibgroup.net,,Seed,Healthcare,Marketplace,Riyadh,Saudi Arabia,1,1M – 3M,Startup / Small,1000000.0,75.6,Yes,2.00M,Medium,2015
Telfaz11,https://telfaz11.com,True,Series A,Media Production,Media Production & Distribution,Riyadh,Saudi Arabia,1,6M – 15M,Startup / Small,6000000.0,75.6,Yes,10.50M,Medium,2011
Testahel,https://testahel.sa,,Seed,Education,Subscription,Riyadh,Saudi Arabia,1,1M – 3M,Startup / Small,1000000.0,75.6,No,2.00M,Medium,
Thobi,https://thobi.sa,,Seed,Fashion,E-Commerce,Riyadh,Saudi Arabia,1,1M – 3M,Startup / Small,1000000.0,75.6,Yes,2.00M,Medium,2018
Uturn,https://uturn.me,True,Series B,Media Production,Media Production & Distribution,Makkah,Saudi Arabia,1,15M – 30M,Startup / Small,15000000.0,13.68,Yes,22.50M,High,2014
Warshaplus,https://warshaplus.com/home,,Seed,Transportation & Automotive,E-Commerce,Makkah,Saudi Arabia,1,1M – 3M,Startup / Small,1000000.0,13.68,Yes,2.00M,Medium,2021
Wateen App,https://wateenapp.org,,Seed,Healthcare,Marketplace,Riyadh,Saudi Arabia,1,1M – 3M,Startup / Small,1000000.0,75.6,Yes,2.00M,Medium,2020
Ynmodata,https://ynmodata.com/en/,,Seed,Education,SaaS,Makkah,Saudi Arabia,1,1M – 3M,Startup / Small,1000000.0,13.68,Yes,2.00M,Medium,2016
YouPositive,https://youpositive.co/ar/,,Pre-Seed,Wellness & Mental Health,Marketplace,Riyadh,Saudi Arabia,1,500K – 2M,Startup / Small,500000000.0,75.6,Yes,1.25M,Low,2017
Blomal,https://blomal.sa/,,Pre-Seed,Financial Services,Fund Distribution ,Makkah,Saudi Arabia,1,500K – 2M,Startup / Small,500000000.0,13.68,Yes,1.25M,Low,2021
Nuzul,https://www.nuzul.com/,,Seed,Real Estate,SaaS,Riyadh,Saudi Arabia,1,1M – 3M,Startup / Small,1000000.0,75.6,Yes,2.00M,Medium,2018
Livsho,https://www.linkedin.com/company/livsho/,,Seed,"Consumer Service ,Retail",Social Commerce ,Makkah,Saudi Arabia,1,1M – 3M,Startup / Small,1000000.0,13.68,Yes,2.00M,Medium,2024
Ojrah App,https://ojrahapp.com/,,Seed,Transportation & Automotive,"SaaS,Hardware & loT & Drones",Makkah,Saudi Arabia,2,1M – 3M,Startup / Small,1000000.0,13.68,Yes,2.00M,Medium,2016
GlassHub,https://glasshub.ai/,,Seed,Technology ,"SaaS,RegTech",Riyadh,Saudi Arabia,2,1M – 3M,Startup / Small,1000000.0,75.6,Yes,2.00M,Medium,2023
Cipher,https://www.cipher.com.sa/,True,Private Equity,Technology ,Cyber Security ,Riyadh,Saudi Arabia,1,50M – 500M+,Large,50000000.0,75.6,Yes,275.00M,High,2021
SalesFine,https://salesfine.co/,,Pre-Series A,Financial Services,B2B Financing,Riyadh,Saudi Arabia,1,2M – 6M,Startup / Small,2000000.0,75.6,Yes,4.00M,Medium,
Lockers,https://lockers.sa/,,Pre-Seed,Logistics ,E-Commerce,Riyadh,Saudi Arabia,1,500K – 2M,Startup / Small,500000000.0,75.6,Yes,1.25M,Low,2021
Behja,https://www.behja.co/ar,,Seed,Real Estate,BNPL,Riyadh,Saudi Arabia,1,1M – 3M,Startup / Small,1000000.0,75.6,Yes,2.00M,Medium,
Rent Kara,https://rentkara.com/,,Seed,Electronics ,Subscription,Riyadh,Saudi Arabia,1,1M – 3M,Startup / Small,1000000.0,75.6,No,2.00M,Medium,2023
Reporty,https://www.swc-dent.com/main/,,Seed,Healthcare,SaaS,Riyadh,Saudi Arabia,1,1M – 3M,Startup / Small,1000000.0,75.6,Yes,2.00M,Medium,
Ocean Revive,https://ocean-revive.com/,,Seed,Environment,"AgriTech,Subscription",Makkah,Saudi Arabia,2,1M – 3M,Startup / Small,1000000.0,13.68,Yes,2.00M,Medium,2024
UpLevel,https://uplevel.sa/en/,,Seed,Education,Marketplace,Riyadh,Saudi Arabia,1,1M – 3M,Startup / Small,1000000.0,75.6,Yes,2.00M,Medium,2024
WorkHint,https://www.workhint.com/,,Seed,HR & Recruitments,SaaS,Riyadh,Saudi Arabia,1,1M – 3M,Startup / Small,1000000.0,75.6,Yes,2.00M,Medium,2019
CyberSenshi,https://www.cybersenshi.com/,,Seed,Technology ,Cyber Security ,Riyadh,Saudi Arabia,1,1M – 3M,Startup / Small,1000000.0,75.6,Yes,2.00M,Medium,2020
BuildHop,https://www.buildhop.com/,,Seed,Construction,Marketplace,Riyadh,Saudi Arabia,1,1M – 3M,Startup / Small,1000000.0,75.6,Yes,2.00M,Medium,2021
Suhail,https://suhail.ai/,,Seed,Real Estate,"AI & Machine Learning,Subscription",Riyadh,Saudi Arabia,2,1M – 3M,Startup / Small,1000000.0,75.6,Yes,2.00M,Medium,
Rize,https://rize.sa/,,Series A,Real Estate,BNPL,Riyadh,Saudi Arabia,1,6M – 15M,Startup / Small,6000000.0,75.6,Yes,10.50M,Medium,
Mabaat,https://www.mabaat.com,,Pre-Series A,Real Estate,Marketplace,Riyadh,Saudi Arabia,1,2M – 6M,Startup / Small,2000000.0,75.6,Yes,4.00M,Medium,2019
Deal App,https://dealapp.sa/,,Pre-Series A,Real Estate,Marketplace,Riyadh,Saudi Arabia,1,2M – 6M,Startup / Small,2000000.0,75.6,Yes,4.00M,Medium,
Ayen,https://ayen.com.sa/,,Seed,Real Estate,Marketplace,Riyadh,Saudi Arabia,1,1M – 3M,Startup / Small,1000000.0,75.6,Yes,2.00M,Medium,2018
Darent,https://darent.com/en,,Pre-Series A,Real Estate,Marketplace,Riyadh,Saudi Arabia,1,2M – 6M,Startup / Small,2000000.0,75.6,Yes,4.00M,Medium,2021
Aseel,https://investaseel.sa/,,Pre-Series A,"Financial Services,Real Estate",Crowdfunding,Riyadh,Saudi Arabia,1,2M – 6M,Startup / Small,2000000.0,75.6,Yes,4.00M,Medium,2020
Nabeeh,https://www.nabeehapp.com/,,Seed,Real Estate,SaaS,Riyadh,Saudi Arabia,1,1M – 3M,Startup / Small,1000000.0,75.6,Yes,2.00M,Medium,2021
Foz,https://foz.sa/,,Seed,Gifting,Marketplace,Riyadh,Saudi Arabia,1,1M – 3M,Startup / Small,1000000.0,75.6,Yes,2.00M,Medium,
Hero,https://www.tryhero.io/,,Seed,Transportation & Automotive,Marketplace,Riyadh,Saudi Arabia,1,1M – 3M,Startup / Small,1000000.0,75.6,Yes,2.00M,Medium,
Lahint,https://lahint.sa/ar,,Pre-Seed,Technology ,AI & Machine Learning,Riyadh,Saudi Arabia,1,500K – 2M,Startup / Small,500000000.0,75.6,Yes,1.25M,Low,2023
Barakah,https://www.barakah.app/,,Seed,"Food & Beverages ,Environment",Marketplace,Makkah,Saudi Arabia,1,1M – 3M,Startup / Small,1000000.0,13.68,Yes,2.00M,Medium,2022
Iyris,https://iyris.com/,,Series A,Environment,AgriTech,Makkah,Saudi Arabia,1,6M – 15M,Startup / Small,6000000.0,13.68,Yes,10.50M,Medium,2018
Saher Flow Solutions,https://saherflow.com/,,Seed,"Oil, Gas, and Energy",Hardware & loT & Drones,Makkah,Saudi Arabia,1,1M – 3M,Startup / Small,1000000.0,13.68,Yes,2.00M,Medium,2022
Elevatus,https://www.elevatus.io/,,Seed,HR & Recruitments,SaaS,Riyadh,Saudi Arabia,1,1M – 3M,Startup / Small,1000000.0,75.6,Yes,2.00M,Medium,2019
Brkz,https://brkz.com/,,Seed,Construction,Marketplace,Riyadh,Saudi Arabia,1,1M – 3M,Startup / Small,1000000.0,75.6,Yes,2.00M,Medium,2023
Lisan,https://www.lisan.com/,,Pre-Series A,Technology ,AI & Machine Learning,Riyadh,Saudi Arabia,1,2M – 6M,Startup / Small,2000000.0,75.6,Yes,4.00M,Medium,2021
LogesTechs,https://logestechs.com/,,Seed,Logistics ,SaaS,Riyadh,Saudi Arabia,1,1M – 3M,Startup / Small,1000000.0,75.6,Yes,2.00M,Medium,2019
Hazen,https://www.hazen.ai/,,Seed,"Technology ,Transportation & Automotive",SaaS,Makkah,Saudi Arabia,1,1M – 3M,Startup / Small,1000000.0,13.68,Yes,2.00M,Medium,2018
Bynh,https://bynh.sa/,,Seed,Legal,Marketplace,Riyadh,Saudi Arabia,1,1M – 3M,Startup / Small,1000000.0,75.6,Yes,2.00M,Medium,2019
Ameen,https://www.ameen.care/,,Seed,Healthcare,Marketplace,Riyadh,Saudi Arabia,1,1M – 3M,Startup / Small,1000000.0,75.6,Yes,2.00M,Medium,
Uvera,https://www.uvera.co/,,Seed,Food & Beverages ,"AgriTech,BioTech",Makkah,Saudi Arabia,2,1M – 3M,Startup / Small,1000000.0,13.68,Yes,2.00M,Medium,2019
Naseej,https://naseej.market/en/,,Seed,Retail,"Marketplace,E-Commerce",Makkah,Saudi Arabia,2,1M – 3M,Startup / Small,1000000.0,13.68,Yes,2.00M,Medium,2020
Tmyyoz,https://tmyyoz.com.sa/,,Seed,Education,E-Learning,Makkah,Saudi Arabia,1,1M – 3M,Startup / Small,1000000.0,13.68,Yes,2.00M,Medium,2021
Ballurh,https://ballurh.io/en/,,Seed,Food & Beverages ,"SaaS,AI & Machine Learning",Makkah,Saudi Arabia,2,1M – 3M,Startup / Small,1000000.0,13.68,Yes,2.00M,Medium,2020
Truc-King,https://www.truc-king.com/,,Seed,Transportation & Automotive,Marketplace,Riyadh,Saudi Arabia,1,1M – 3M,Startup / Small,1000000.0,75.6,Yes,2.00M,Medium,2024
Eventful,https://www.eventful.sa/,,Seed,Entertainment,Marketplace,Riyadh,Saudi Arabia,1,1M – 3M,Startup / Small,1000000.0,75.6,Yes,2.00M,Medium,2020
Bonokey,https://www.bonokey.com/en,,Seed,Financial Services,Aggregator,Riyadh,Saudi Arabia,1,1M – 3M,Startup / Small,1000000.0,75.6,Yes,2.00M,Medium,2023
Gasable,https://www.gasable.com/,,Seed,"Oil, Gas, and Energy","AI & Machine Learning,Hardware & loT & Drones",Riyadh,Saudi Arabia,2,1M – 3M,Startup / Small,1000000.0,75.6,Yes,2.00M,Medium,2016
Aqarsas,https://aqarsas.sa/,,Seed,Real Estate,Subscription,Riyadh,Saudi Arabia,1,1M – 3M,Startup / Small,1000000.0,75.6,No,2.00M,Medium,2016
Awaed,https://awaed.capital/,,Series A,Financial Services,"Trading ,Fund Distribution ",Riyadh,Saudi Arabia,2,6M – 15M,Startup / Small,6000000.0,75.6,Yes,10.50M,Medium,2021
Rehan,https://rehan.com.sa/,,Seed,Financial Services,Fund Distribution ,Riyadh,Saudi Arabia,1,1M – 3M,Startup / Small,1000000.0,75.6,Yes,2.00M,Medium,
Makassb,https://makassb.co/,,Seed,Financial Services,Fund Distribution ,Riyadh,Saudi Arabia,1,1M – 3M,Startup / Small,1000000.0,75.6,Yes,2.00M,Medium,2022
Wafer,https://waferinvest.sa/Ui/Landing,,Seed,Financial Services,Fund Distribution ,Riyadh,Saudi Arabia,1,1M – 3M,Startup / Small,1000000.0,75.6,Yes,2.00M,Medium,2022
Bwatech,https://bwatech.sa/,,Seed,Financial Services,Fintech Infrastructure,Riyadh,Saudi Arabia,1,1M – 3M,Startup / Small,1000000.0,75.6,Yes,2.00M,Medium,2020
Dinar,https://www.dinar.sa/,,Seed,Financial Services,SME-Funding,Riyadh,Saudi Arabia,1,1M – 3M,Startup / Small,1000000.0,75.6,Yes,2.00M,Medium,2022
Sukuk,https://sukuk.sa/,,Pre-Series A,Financial Services,B2B Financing,Riyadh,Saudi Arabia,1,2M – 6M,Startup / Small,2000000.0,75.6,Yes,4.00M,Medium,2020
Fanni,https://fanni.sa/en/index.html,,Seed,Professional Service ,Marketplace,Riyadh,Saudi Arabia,1,1M – 3M,Startup / Small,1000000.0,75.6,Yes,2.00M,Medium,
Ajras,https://ajras.com/,,Seed,Real Estate,BNPL,Riyadh,Saudi Arabia,1,1M – 3M,Startup / Small,1000000.0,75.6,Yes,2.00M,Medium,2022
Eddekhar,https://eddekhar.com/,,Pre-Seed,"Financial Services,Technology ","Aggregator,Financial Solution,Robo-Advisory ",Riyadh,Saudi Arabia,3,500K – 2M,Startup / Small,500000000.0,75.6,Yes,1.25M,Low,
SDM,https://sdm.sa/,,Pre-Seed,"Healthcare,Technology ","AI & Machine Learning,Computer Vision",Riyadh,Saudi Arabia,2,500K – 2M,Startup / Small,500000000.0,75.6,Yes,1.25M,Low,2019
Rintel,https://www.rintel.co/,,Pre-Seed,"Retail,Food & Beverages ","SaaS,AI & Machine Learning",Riyadh,Saudi Arabia,2,500K – 2M,Startup / Small,500000000.0,75.6,Yes,1.25M,Low,
Livedin,www.livedin.co,,Seed,"Real Estate,Technology ","SaaS,Hospitality",Riyadh,Saudi Arabia,2,1M – 3M,Startup / Small,1000000.0,75.6,Yes,2.00M,Medium,
Aman Vision,https://amanvision.ai/,,Seed,"Technology ,Construction,Manufacturing ","AI & Machine Learning,Computer Vision,SmartCity/Home,SaaS,Industry 4.0,Manufacturing ,Hardware & loT & Drones",Riyadh,Saudi Arabia,7,1M – 3M,Startup / Small,1000000.0,75.6,Yes,2.00M,Medium,
Squadio,www.squadio.com,,Pre-Series A,"HR & Recruitments,Consulting,Professional Service ",HR & Recruitment ,Riyadh,Saudi Arabia,1,2M – 6M,Startup / Small,2000000.0,75.6,Yes,4.00M,Medium,2019
KwikSign,Www.kwiktrust.com,,Seed,"Technology ,Financial Services,Real Estate,Legal","Financial Solution,Fintech Infrastructure,Blockchain Solution ",Riyadh,Saudi Arabia,3,1M – 3M,Startup / Small,1000000.0,75.6,Yes,2.00M,Medium,2020
Declic,https://declic.net/,,Seed,"Social,Entertainment","Payment Gateway,AI & Machine Learning,Social Media,Advertisement",Riyadh,Saudi Arabia,4,1M – 3M,Startup / Small,1000000.0,75.6,Yes,2.00M,Medium,
Carly - كارلي,https://www.halacarly.com,,Seed,Transportation & Automotive,"E-Commerce,Financial Solution",Riyadh,Saudi Arabia,2,1M – 3M,Startup / Small,1000000.0,75.6,Yes,2.00M,Medium,
Camelab ai,Camelab.co,,Pre-Seed,Media Production,Advertisement,Riyadh,Saudi Arabia,1,500K – 2M,Startup / Small,500000000.0,75.6,Yes,1.25M,Low,
Levers,www.uselevers.com,,Seed,Financial Services,"AI & Machine Learning,B2B Financing,Financial Solution,SaaS,BNPL",Riyadh,Saudi Arabia,5,1M – 3M,Startup / Small,1000000.0,75.6,Yes,2.00M,Medium,2022
WAQ3Y,https://waq3y.sa/,,Pre-Seed,Technology ,Web3& Metaverse ,Riyadh,Saudi Arabia,1,500K – 2M,Startup / Small,500000000.0,75.6,Yes,1.25M,Low,2024
RevYou,Building the MVP,,Pre-Seed,Retail,Advertisement,Makkah,Saudi Arabia,1,500K – 2M,Startup / Small,500000000.0,13.68,Yes,1.25M,Low,2025
Datadroves,https://datadroves.com,,Pre-Seed,Technology ,AI & Machine Learning,Makkah,Saudi Arabia,1,500K – 2M,Startup / Small,500000000.0,13.68,Yes,1.25M,Low,
STRABL,https://strabl.io,,Seed,Financial Services,,Riyadh,Saudi Arabia,0,1M – 3M,Startup / Small,1000000.0,75.6,No,2.00M,Medium,2021
Son Sayartic,https://sayenha.com/,,Pre-Seed,"Transportation & Automotive,Logistics ","CRM,Aggregator,Logistics",Riyadh,Saudi Arabia,3,500K – 2M,Startup / Small,500000000.0,75.6,Yes,1.25M,Low,
Zaher,Wwww.zaher.io,,Seed,"Retail,Technology ","E-Commerce,Marketplace",Riyadh,Saudi Arabia,2,1M – 3M,Startup / Small,1000000.0,75.6,Yes,2.00M,Medium,
Watzen,Watzen.ai,,Seed,"Entertainment,Technology ","AI & Machine Learning,Advertisement,Media Production & Distribution",Riyadh,Saudi Arabia,3,1M – 3M,Startup / Small,1000000.0,75.6,Yes,2.00M,Medium,
Qurudi,https://www.qurudi.com.sa/,,Pre-Seed,Financial Services,Financial Solution,Makkah,Saudi Arabia,1,500K – 2M,Startup / Small,500000000.0,13.68,Yes,1.25M,Low,
Amwal Tech,amwal.tech,,Seed,Financial Services,"BNPL,E-Commerce,Fintech Infrastructure,Payment Gateway",Riyadh,Saudi Arabia,4,1M – 3M,Startup / Small,1000000.0,75.6,Yes,2.00M,Medium,
PIESHIP,www.pieship.com,,Seed,Logistics ,"Logistics,AI & Machine Learning,E-Commerce",Riyadh,Saudi Arabia,3,1M – 3M,Startup / Small,1000000.0,75.6,Yes,2.00M,Medium,2023
Bas10,Bas-10.com,,Pre-Seed,"Consulting,Education","Marketplace,SaaS,Subscription",Riyadh,Saudi Arabia,3,500K – 2M,Startup / Small,500000000.0,75.6,Yes,1.25M,Low,2023
Edama,https://www.edamasolutions.com/,,Seed,Environment,Hardware & loT & Drones,Makkah,Saudi Arabia,1,1M – 3M,Startup / Small,1000000.0,13.68,Yes,2.00M,Medium,
Yourparts,www.yourparts.com,,Seed,"Transportation & Automotive,Distribution,Financial Services","Car Solution ,BNPL,E-Commerce,Maintenance Service ,Fleet Mangement ,Marketplace,SaaS,B2B Financing,Wholesale,Transport & Micro Mobility",Riyadh,Saudi Arabia,10,1M – 3M,Startup / Small,1000000.0,75.6,Yes,2.00M,Medium,2018
AmplifAI,https://www.amplifaihealth.com/,,Seed,Healthcare,AI & Machine Learning,Riyadh,Saudi Arabia,1,1M – 3M,Startup / Small,1000000.0,75.6,Yes,2.00M,Medium,2023
Bites,https://studybites.ai,,Pre-Series A,Education,AI & Machine Learning,Riyadh,Saudi Arabia,1,2M – 6M,Startup / Small,2000000.0,75.6,Yes,4.00M,Medium,
Beems,www.beems.io,,Pre-Seed,Technology ,"Blockchain Solution ,Consumer Services,SaaS",Riyadh,United Arab Emirates,3,500K – 2M,Startup / Small,500000000.0,75.6,Yes,1.25M,Low,
Thriftplan,www.thriftplan.sa,,Pre-Series A,Technology ,"HR & Recruitment ,Financial Solution,Robo-Advisory ",Riyadh,Saudi Arabia,3,2M – 6M,Startup / Small,2000000.0,75.6,Yes,4.00M,Medium,
Doos,www.doo.sa,,Seed,"Food & Beverages ,Gifting,Personal Care & Beauty ,Retail","E-Commerce,Gifting ",Makkah,Saudi Arabia,2,1M – 3M,Startup / Small,1000000.0,13.68,Yes,2.00M,Medium,2007
Grooshy,www.grooshy.com,,Seed,Financial Services,"Financial Solution,Expense Mangement",Riyadh,Saudi Arabia,2,1M – 3M,Startup / Small,1000000.0,75.6,Yes,2.00M,Medium,
Eyepoke Entertainment,Eyepoke.co,,Pre-Seed,"Entertainment,Gaming,Technology ,Media Production,Media,Toys & Games","AI & Machine Learning,Media Production & Distribution,Game Dev",Makkah,Saudi Arabia,3,500K – 2M,Startup / Small,500000000.0,13.68,Yes,1.25M,Low,
Uppermost,https://uppermostsa.com/,,Pre-Seed,"Real Estate,Financial Services","SaaS,RegTech,Financial Solution",Riyadh,Saudi Arabia,3,500K – 2M,Startup / Small,500000000.0,75.6,Yes,1.25M,Low,
Athek,Www.ATHEK.Com,,Seed,Technology ,IT Solutions Services,Riyadh,Saudi Arabia,1,1M – 3M,Startup / Small,1000000.0,75.6,Yes,2.00M,Medium,
Seyaha,www.seyaha.net,,Seed,Travel & Tourism,SaaS,Riyadh,Saudi Arabia,1,1M – 3M,Startup / Small,1000000.0,75.6,Yes,2.00M,Medium,2023
Techrar,https://techrar.com/,,Pre-Series A,Food & Beverages ,"Subscription,SaaS",Makkah,Saudi Arabia,2,2M – 6M,Startup / Small,2000000.0,13.68,Yes,4.00M,Medium,2022
Popsy,https://www.popsy.sa/,,Pre-Series A,"Consumer Service ,Electronics ,Retail","Marketplace,Consumer Services",Riyadh,Saudi Arabia,2,2M – 6M,Startup / Small,2000000.0,75.6,Yes,4.00M,Medium,2017
Resal,Www.resal.me,,Pre-Series B,"Technology ,Financial Services",,Makkah,Saudi Arabia,0,10M – 18M,Mid-level,10000000.0,13.68,No,14.00M,Medium,2018
Builtop,www.builtop.com,,Seed,"Real Estate,Construction,Technology ",Marketplace,Riyadh,Saudi Arabia,1,1M – 3M,Startup / Small,1000000.0,75.6,Yes,2.00M,Medium,
sayan,sayan.pro,,Pre-Seed,"Education,Electronics ","Affiliate Marketing,E-Commerce,E-Learning",Madinah,Saudi Arabia,3,500K – 2M,Startup / Small,500000000.0,2.87,Yes,1.25M,Low,
Matjrah,https://matjrah.com,,Seed,Technology ,SaaS,Makkah,Saudi Arabia,1,1M – 3M,Startup / Small,1000000.0,13.68,Yes,2.00M,Medium,
SCOVR,www.scovr.com,,Seed,"Travel & Tourism,Healthcare,Sports,Communication,Gaming,Social,Entertainment","SmartCity/Home,Social Commerce ",Riyadh,Saudi Arabia,2,1M – 3M,Startup / Small,1000000.0,75.6,Yes,2.00M,Medium,
Blend Comapny,Tryblend.net,,Seed,"Technology ,Food & Beverages ","Cloud Solution ,Fleet Mangement ,SaaS",Riyadh,Saudi Arabia,3,1M – 3M,Startup / Small,1000000.0,75.6,Yes,2.00M,Medium,2024
Hysabat Solutions,hysabat.com,,Pre-Seed,Technology ,"SaaS,Cloud Solution ,ePOS,Financial Solution,Last Mile Delivery,HR & Recruitment ,ERP",Riyadh,Saudi Arabia,7,500K – 2M,Startup / Small,500000000.0,75.6,Yes,1.25M,Low,
Kitchout,Kitchout.co,,Seed,Food & Beverages ,Cloud Kitchen,Riyadh,Saudi Arabia,1,1M – 3M,Startup / Small,1000000.0,75.6,Yes,2.00M,Medium,2021
Occasion,Www.occaionsa.com,,Pre-Seed,"Entertainment,Gifting,Food & Beverages ",APP Dev & PaaS,Riyadh,Saudi Arabia,1,500K – 2M,Startup / Small,500000000.0,75.6,Yes,1.25M,Low,
Pnode Auditing |  بنود للتدقيق,www.pnode.co,,Pre-Seed,"Financial Services,Consulting,Professional Service ,Legal","Blockchain Solution ,Fintech Infrastructure,AI & Machine Learning,Cloud Solution ,Marketplace,SaaS,Financial Solution",Riyadh,Saudi Arabia,7,500K – 2M,Startup / Small,500000000.0,75.6,Yes,1.25M,Low,
Nokhbah,app.nokhbah.academy,,Pre-Seed,"Technology ,Education","AI & Machine Learning,Marketplace,SaaS,E-Learning",Eastern,Saudi Arabia,4,500K – 2M,Startup / Small,500000000.0,4.97,Yes,1.25M,Low,
منصة نماذج,www.nmathj.com,,Pre-Seed,Technology ,"AI & Machine Learning,Cloud Solution ,SaaS",Riyadh,Saudi Arabia,3,500K – 2M,Startup / Small,500000000.0,75.6,Yes,1.25M,Low,
Daysum,https://daysum.net/,,Pre-Seed,Technology ,"Cloud Solution ,SaaS,ERP",Eastern,Saudi Arabia,3,500K – 2M,Startup / Small,500000000.0,4.97,Yes,1.25M,Low,
Sunnah Reality,https://salla.sa/sunnaasar,,Seed,Art & Design,"3D Printing,Trading ",Makkah,Saudi Arabia,2,1M – 3M,Startup / Small,1000000.0,13.68,Yes,2.00M,Medium,
COGNNA,https://cognna.com,,Seed,Technology ,"Cyber Security ,AI & Machine Learning",Riyadh,Saudi Arabia,2,1M – 3M,Startup / Small,1000000.0,75.6,Yes,2.00M,Medium,2022
Talento | تالنتو,www.talento-hr.com,,Pre-Seed,"Technology ,HR & Recruitments","SaaS,Cloud Solution ,ERP",Riyadh,Saudi Arabia,3,500K – 2M,Startup / Small,500000000.0,75.6,Yes,1.25M,Low,
Quantum,https://quantums.com.sa/,,Pre-Series A,Technology ,"SaaS,Advertisement",Makkah,Saudi Arabia,2,2M – 6M,Startup / Small,2000000.0,13.68,Yes,4.00M,Medium,2017
FlyNow Arabia Ltd,www.flynow-aviation.com,,Pre-Series B,"Manufacturing ,Transportation & Automotive,Logistics ,Travel & Tourism","Hardware & loT & Drones,Autonomous Driving ,Last Mile Delivery,Robotics ,Manufacturing ,Logistics,Transport & Micro Mobility",Riyadh,Saudi Arabia,7,10M – 18M,Mid-level,10000000.0,75.6,Yes,14.00M,Medium,2019
MAXtasx,Www.masters.com,,Pre-Seed,"Logistics ,Transportation & Automotive,Construction",Logistics,Riyadh,Saudi Arabia,1,500K – 2M,Startup / Small,500000000.0,75.6,Yes,1.25M,Low,
Maqsam,http://maqsam.com,,Pre-Series A,"Technology ,Communication,Telecommunication","AI & Machine Learning,Cloud Solution ,SaaS,X-as-a-service model ",Riyadh,Saudi Arabia,4,2M – 6M,Startup / Small,2000000.0,75.6,Yes,4.00M,Medium,2019
AZEEMA,azeema.sa,,Seed,Food & Beverages ,"Hospitality,Marketplace",Riyadh,Saudi Arabia,2,1M – 3M,Startup / Small,1000000.0,75.6,Yes,2.00M,Medium,2022
Tahdir,https://tahdir.sa/,,Seed,"Technology ,Education",SaaS,Eastern,Saudi Arabia,1,1M – 3M,Startup / Small,1000000.0,4.97,Yes,2.00M,Medium,
Awfar,Https://awfar.com,,Pre-Series A,"Technology ,Telecommunication","AI & Machine Learning,CRM,IT Solutions Services,SaaS",Riyadh,Saudi Arabia,4,2M – 6M,Startup / Small,2000000.0,75.6,Yes,4.00M,Medium,2020
Sahl,www.getsahl.io,,Seed,Technology ,"Cyber Security ,RegTech,SaaS,AI & Machine Learning",Riyadh,Saudi Arabia,4,1M – 3M,Startup / Small,1000000.0,75.6,Yes,2.00M,Medium,2024
BasicsEngage,www.basicsengage.com,,Seed,"Communication,Technology ",SaaS,Riyadh,Saudi Arabia,1,1M – 3M,Startup / Small,1000000.0,75.6,Yes,2.00M,Medium,
SportLOOP,https://www.linkedin.com/in/sultan-alzohofi-6525b299?utm_source=share&utm_campaign=share_via&utm_content=profile&utm_medium=ios_app,,Pre-Seed,"Sports,Technology ,Travel & Tourism",eSports Platform,Riyadh,Saudi Arabia,1,500K – 2M,Startup / Small,500000000.0,75.6,Yes,1.25M,Low,
VMinds AI,https://vminds.ai/,,Seed,Technology ,AI & Machine Learning,Riyadh,Saudi Arabia,1,1M – 3M,Startup / Small,1000000.0,75.6,Yes,2.00M,Medium,
Baseer,Baseer.me,,Pre-Seed,"Education,HR & Recruitments,Technology ","E-Learning,Marketplace",Riyadh,Saudi Arabia,2,500K – 2M,Startup / Small,500000000.0,75.6,Yes,1.25M,Low,
TaskersHub,Www.taskers-hub.com,,Seed,"HR & Recruitments,Financial Services,Art & Design,Consulting,Consumer Service ,Professional Service ","B2B Financing,APP Dev & PaaS",Riyadh,Saudi Arabia,2,1M – 3M,Startup / Small,1000000.0,75.6,Yes,2.00M,Medium,
Priv0,priv0.com,,Seed,"Technology ,Consulting",Cyber Security ,Riyadh,Saudi Arabia,1,1M – 3M,Startup / Small,1000000.0,75.6,Yes,2.00M,Medium,
Bynow,www.bynow.ai,,Seed,Financial Services,"Financial Solution,B2B Financing,BNPL,AI & Machine Learning",Riyadh,Saudi Arabia,4,1M – 3M,Startup / Small,1000000.0,75.6,Yes,2.00M,Medium,
استديو اكس,https://x.com/xstudio987,,Pre-Seed,"Gaming,Technology ,Entertainment","AI & Machine Learning,Game Dev",Riyadh,Saudi Arabia,2,500K – 2M,Startup / Small,500000000.0,75.6,Yes,1.25M,Low,
Zerofunnel,Www.zerofunnel.com,,Pre-Seed,Technology ,"CRM,SaaS,Social Commerce ,Social Media",Makkah,Saudi Arabia,4,500K – 2M,Startup / Small,500000000.0,13.68,Yes,1.25M,Low,2024
Salesfine,Www.salesfine.co,,Pre-Series A,Financial Services,B2B Financing,Riyadh,Saudi Arabia,1,2M – 6M,Startup / Small,2000000.0,75.6,Yes,4.00M,Medium,
Aid AI,https://aid.sa/,,Pre-Seed,Technology ,AI & Machine Learning,Riyadh,Saudi Arabia,1,500K – 2M,Startup / Small,500000000.0,75.6,Yes,1.25M,Low,
ChawR Platform,TryChawR.com,,Seed,"Legal,HR & Recruitments,Consulting","AI & Machine Learning,HR & Recruitment ,SaaS",Riyadh,Saudi Arabia,3,1M – 3M,Startup / Small,1000000.0,75.6,Yes,2.00M,Medium,2024
ADresApp,https://www.instagram.com/adresapp/,,Seed,"Technology ,Social,Consumer Service ","SaaS,Social Media,Marketplace",Jazan,Saudi Arabia,3,1M – 3M,Startup / Small,1000000.0,0.0,Yes,2.00M,Medium,
Wave wave,https://wave6wave.com/#,,Seed,"Travel & Tourism,Technology ","E-Commerce,Subscription,Hospitality",Makkah,Saudi Arabia,3,1M – 3M,Startup / Small,1000000.0,13.68,Yes,2.00M,Medium,
Balluru,https://ballurh.io/en/,,Seed,"Food & Beverages ,HORECA,Retail","AI & Machine Learning,SaaS,Advertisement",Riyadh,Saudi Arabia,3,1M – 3M,Startup / Small,1000000.0,75.6,Yes,2.00M,Medium,2020
iroom,iroom.ai,,Pre-Seed,Travel & Tourism,Cloud Solution ,Makkah,Saudi Arabia,1,500K – 2M,Startup / Small,500000000.0,13.68,Yes,1.25M,Low,
Lamha | لمحة,www.getlamha.com,,Seed,Financial Services,Financial Solution,Makkah,Saudi Arabia,1,1M – 3M,Startup / Small,1000000.0,13.68,Yes,2.00M,Medium,2021
Swarm robotics,Swarmrobotics.io,,Seed,"Robotics ,Technology ,Hardware","Autonomous Driving ,Hardware & loT & Drones,Manufacturing ,Robotics ,X-as-a-service model ",Riyadh,Saudi Arabia,5,1M – 3M,Startup / Small,1000000.0,75.6,Yes,2.00M,Medium,2023
welcome app,welcome.sa,,Seed,"Transportation & Automotive,Logistics ","Last Mile Delivery,Transport & Micro Mobility,ClimateTech",Riyadh,Saudi Arabia,3,1M – 3M,Startup / Small,1000000.0,75.6,Yes,2.00M,Medium,
Go Steer,https://gosteer.sa/,,Seed,"Technology ,Transportation & Automotive,Travel & Tourism","Car Solution ,Marketplace,Aggregator,SaaS",Riyadh,Saudi Arabia,4,1M – 3M,Startup / Small,1000000.0,75.6,Yes,2.00M,Medium,2024
SIDEUP,www.sideup.co,,Pre-Series A,Logistics ,SaaS,Riyadh,Saudi Arabia,1,2M – 6M,Startup / Small,2000000.0,75.6,Yes,4.00M,Medium,2009
Slangit Technologies,www.slangit.ai,,Pre-Seed,"Education,Technology ,Real Estate,Healthcare,Travel & Tourism,Communication,Consumer Service ,HR & Recruitments,Legal,Insurance ,Manufacturing ,Oil, Gas, and Energy,Professional Service ,Telecommunication,Construction,Retail","AI & Machine Learning,X-as-a-service model ,E-Learning,SaaS",Riyadh,Saudi Arabia,4,500K – 2M,Startup / Small,500000000.0,75.6,Yes,1.25M,Low,
Patlah Shop,https://patrah.com/,,Seed,"Fashion,Personal Care & Beauty ,Healthcare","Drop-Shipping ,E-Commerce",Makkah,Saudi Arabia,2,1M – 3M,Startup / Small,1000000.0,13.68,Yes,2.00M,Medium,2018
AQUIVIO Arabia LLC,https://www.aquivio.com,,Seed,Technology ,"SmartCity/Home,ClimateTech,Hardware & loT & Drones,Hospitality",Riyadh,Saudi Arabia,4,1M – 3M,Startup / Small,1000000.0,75.6,Yes,2.00M,Medium,
Sawa Ride,www.sawaride.app,,Pre-Seed,Transportation & Automotive,Marketplace,Riyadh,Saudi Arabia,1,500K – 2M,Startup / Small,500000000.0,75.6,Yes,1.25M,Low,
Trivers,www.trivers.me,,Seed,"Technology ,HR & Recruitments","HR & Recruitment ,SaaS",Riyadh,Saudi Arabia,2,1M – 3M,Startup / Small,1000000.0,75.6,Yes,2.00M,Medium,2020
AILA,aila.sa,,Seed,Education,"AI & Machine Learning,SaaS",Riyadh,Saudi Arabia,2,1M – 3M,Startup / Small,1000000.0,75.6,Yes,2.00M,Medium,
TripVlog ltd,www.tripvlog.com,,Pre-Seed,Travel & Tourism,"AI & Machine Learning,Affiliate Marketing,ClimateTech,E-Commerce,Hospitality",Riyadh,Saudi Arabia,5,500K – 2M,Startup / Small,500000000.0,75.6,Yes,1.25M,Low,2019
Snbla,https://snbla.com,,Pre-Seed,Financial Services,Financial Solution,Riyadh,Saudi Arabia,1,500K – 2M,Startup / Small,500000000.0,75.6,Yes,1.25M,Low,2023
FataFeat Pay,https://fata.me/,,Pre-Seed,"Financial Services,Technology ","Financial Solution,SaaS",Riyadh,Saudi Arabia,2,500K – 2M,Startup / Small,500000000.0,75.6,Yes,1.25M,Low,
Qubit,https://www.qubit.sa,,Pre-Seed,"Technology ,Retail","AI & Machine Learning,E-Commerce,X-as-a-service model ",Riyadh,Saudi Arabia,3,500K – 2M,Startup / Small,500000000.0,75.6,Yes,1.25M,Low,2021
Mithu,https://mithu.com,,Pre-Seed,"Financial Services,Food & Beverages ,Retail","AI & Machine Learning,Loyalty ,Cashback,Marketplace,Social Commerce ,Hospitality",Riyadh,Saudi Arabia,6,500K – 2M,Startup / Small,500000000.0,75.6,Yes,1.25M,Low,
Film There,Www.filmthere.com,,Seed,Media Production,Marketplace,Riyadh,Saudi Arabia,1,1M – 3M,Startup / Small,1000000.0,75.6,Yes,2.00M,Medium,
عطور دير بيوتي,https://perfumedeer.com,,Seed,Fashion,E-Commerce,Riyadh,Saudi Arabia,1,1M – 3M,Startup / Small,1000000.0,75.6,Yes,2.00M,Medium,
Spltrr,https://www.spltrr.com,,Pre-Seed,"Financial Services,Technology ",Financial Solution,Riyadh,Saudi Arabia,1,500K – 2M,Startup / Small,500000000.0,75.6,Yes,1.25M,Low,2023
netzero,netzero.sa,,Seed,"Technology ,Environment","AI & Machine Learning,APP Dev & PaaS,ClimateTech",Eastern,Saudi Arabia,3,1M – 3M,Startup / Small,1000000.0,4.97,Yes,2.00M,Medium,2019
MoneyLoop | موني لوب,www.moneyloop.sa,,Pre-Series A,Financial Services,Financial Solution,Riyadh,Saudi Arabia,1,2M – 6M,Startup / Small,2000000.0,75.6,Yes,4.00M,Medium,2019
GuestNa App,www.guestna.app,,Pre-Seed,"Technology ,Travel & Tourism","Marketplace,Aggregator",Riyadh,Saudi Arabia,2,500K – 2M,Startup / Small,500000000.0,75.6,Yes,1.25M,Low,
Qalam,https://qalamapp.com/,,Seed,Social,Social Media,Riyadh,Saudi Arabia,1,1M – 3M,Startup / Small,1000000.0,75.6,No,2.00M,Medium,
Jisr.care,https://jisr.appstick.com.bd/,,Seed,"Healthcare,Technology ","IT Solutions Services,Telehealth ,APP Dev & PaaS,Social Commerce ",Riyadh,Saudi Arabia,4,1M – 3M,Startup / Small,1000000.0,75.6,Yes,2.00M,Medium,
Hanna Health,https://www.hanna.health/,,Seed,"Healthcare,Technology ,Wellness & Mental Health","AI & Machine Learning,Hardware & loT & Drones,Telehealth ",Makkah,Saudi Arabia,3,1M – 3M,Startup / Small,1000000.0,13.68,Yes,2.00M,Medium,2025
Spare,www.tryspare.com,,Pre-Series A,Financial Services,Fintech Infrastructure,Riyadh,Saudi Arabia,1,2M – 6M,Startup / Small,2000000.0,75.6,Yes,4.00M,Medium,2018
Carology,www.carology.ai,,Seed,"Financial Services,Transportation & Automotive,Technology ","Car Solution ,Consumer Services,SaaS,Marketplace",Riyadh,Saudi Arabia,4,1M – 3M,Startup / Small,1000000.0,75.6,Yes,2.00M,Medium,2024
eCemX AI,https://ecemx.com/,,Pre-Seed,"Technology ,Real Estate,Construction","AI & Machine Learning,SaaS,Subscription",Riyadh,Saudi Arabia,3,500K – 2M,Startup / Small,500000000.0,75.6,Yes,1.25M,Low,
Azzam,https://azzam.sa,,Seed,Technology ,SaaS,Asir,Saudi Arabia,1,1M – 3M,Startup / Small,1000000.0,0.96,Yes,2.00M,Medium,
Trell,www.trellapps.com,,Seed,"Financial Services,Logistics ","Financial Solution,B2B Financing,Logistics",Riyadh,Saudi Arabia,3,1M – 3M,Startup / Small,1000000.0,75.6,Yes,2.00M,Medium,
Dunes Aero,dunesaero.com,,Seed,"Technology ,Transportation & Automotive","Autonomous Driving ,Robotics ,SaaS,Industry 4.0",Riyadh,Saudi Arabia,4,1M – 3M,Startup / Small,1000000.0,75.6,Yes,2.00M,Medium,2022
Nafes AI,https://nafes.ai,,Seed,Technology ,AI & Machine Learning,Riyadh,Saudi Arabia,1,1M – 3M,Startup / Small,1000000.0,75.6,Yes,2.00M,Medium,
Intella,www.intella.me,,Pre-Series A,Technology ,AI & Machine Learning,Riyadh,Saudi Arabia,1,2M – 6M,Startup / Small,2000000.0,75.6,Yes,4.00M,Medium,2021
WAKI,https://waki.sa,,Seed,"Financial Services,Technology ,Education","ePOS,Financial Solution,Fintech Infrastructure",Makkah,Saudi Arabia,3,1M – 3M,Startup / Small,1000000.0,13.68,Yes,2.00M,Medium,2022
Traderware,https://traderverse.io/,,Seed,"Education,Financial Services,Technology ,Gaming","Social Media,AI & Machine Learning,Blockchain Solution ,Cryptocurrencies & NFTs,SaaS,Financial Solution",Riyadh,Saudi Arabia,6,1M – 3M,Startup / Small,1000000.0,75.6,Yes,2.00M,Medium,2021
Codek,codek.sa,,Pre-Seed,Technology ,AI & Machine Learning,Riyadh,Saudi Arabia,1,500K – 2M,Startup / Small,500000000.0,75.6,Yes,1.25M,Low,2024
Marafiq Company,Www.trymarafiq.com,,Seed,Consulting,SaaS,Riyadh,Saudi Arabia,1,1M – 3M,Startup / Small,1000000.0,75.6,Yes,2.00M,Medium,
Sniper,Sniper.com.sa,,Seed,"Financial Services,Healthcare,Food & Beverages ,Entertainment,Consulting","BioTech,Brokerage,Crowdfunding,E-Commerce,Logistics",Riyadh,Saudi Arabia,5,1M – 3M,Startup / Small,1000000.0,75.6,Yes,2.00M,Medium,
NABD solutions,https://nabdsolutions.com,,Pre-Seed,"Technology ,Consulting,Distribution","Cyber Security ,AI & Machine Learning,Maintenance Service ,Fintech Infrastructure",Riyadh,Saudi Arabia,4,500K – 2M,Startup / Small,500000000.0,75.6,Yes,1.25M,Low,2022
Rab7,Rab7.com,,Seed,"Gaming,Technology ",Game Dev,Riyadh,Saudi Arabia,1,1M – 3M,Startup / Small,1000000.0,75.6,Yes,2.00M,Medium,
moneymoon,moneymoon.sa,,Pre-Series A,Financial Services,Financial Solution,Riyadh,Saudi Arabia,1,2M – 6M,Startup / Small,2000000.0,75.6,Yes,4.00M,Medium,2023
OfinTech,ofintech.co,,Pre-Seed,"Financial Services,Technology ","Fintech Infrastructure,Financial Solution",Riyadh,Saudi Arabia,2,500K – 2M,Startup / Small,500000000.0,75.6,Yes,1.25M,Low,
راوية Rawiah,https://rawiah.com/,,Seed,Education,E-Learning,Riyadh,Saudi Arabia,1,1M – 3M,Startup / Small,1000000.0,75.6,Yes,2.00M,Medium,
LDUN,https://ldun.com.sa,,Seed,Financial Services,"Financial Solution,B2B Financing,SME-Funding,BNPL",Riyadh,Saudi Arabia,4,1M – 3M,Startup / Small,1000000.0,75.6,Yes,2.00M,Medium,2021
UmrahCash,UmrahCash.com,,Seed,"Financial Services,Technology ","Financial Solution,Fintech Infrastructure,Fund Distribution ,Payment Gateway",Makkah,Saudi Arabia,4,1M – 3M,Startup / Small,1000000.0,13.68,Yes,2.00M,Medium,
Medical Cloud,www.alsahaba.sa,,Seed,Healthcare,Telehealth ,Riyadh,Saudi Arabia,1,1M – 3M,Startup / Small,1000000.0,75.6,No,2.00M,Medium,2023
The first day,https://thefirstday.shop,,Pre-Seed,"Real Estate,Manufacturing ,Construction","Drop-Shipping ,E-Commerce,Marketplace",Eastern,Saudi Arabia,3,500K – 2M,Startup / Small,500000000.0,4.97,Yes,1.25M,Low,
مبيت,https://mabet.com.sa,,Seed,Travel & Tourism,,Makkah,Saudi Arabia,0,1M – 3M,Startup / Small,1000000.0,13.68,No,2.00M,Medium,2023
Truc-King,www.truc-king.com,,Seed,"Transportation & Automotive,Technology ,Logistics ","Aggregator,AI & Machine Learning,Autonomous Driving ,Brokerage,B2B Financing,Expense Mangement,Fleet Mangement ,Logistics,Marketplace,Transport & Micro Mobility",Riyadh,Saudi Arabia,10,1M – 3M,Startup / Small,1000000.0,75.6,Yes,2.00M,Medium,2024
Aiia.io,Aiia.io,,Seed,Technology ,ERP,Riyadh,Saudi Arabia,1,1M – 3M,Startup / Small,1000000.0,75.6,Yes,2.00M,Medium,
DHAMEEN,http://dhameen.sa/,,Pre-Seed,Financial Services,Fintech Infrastructure,Asir,Saudi Arabia,1,500K – 2M,Startup / Small,500000000.0,0.96,Yes,1.25M,Low,
NMI Skyspace,https://www.linkedin.com/in/nicole-mauthe-47b1677a?utm_source=share&utm_campaign=share_via&utm_content=profile&utm_medium=ios_app,,Seed,"Technology ,Logistics ,Education,Robotics ,Healthcare,Manufacturing ","3D Printing,AI & Machine Learning,Autonomous Driving ,ClimateTech,Logistics,Robotics ,Manufacturing ",Riyadh,Saudi Arabia,7,1M – 3M,Startup / Small,1000000.0,75.6,Yes,2.00M,Medium,
NASAQ,https://www.linkedin.com/company/nasaqtravel,,Seed,Travel & Tourism,AI & Machine Learning,Riyadh,Saudi Arabia,1,1M – 3M,Startup / Small,1000000.0,75.6,Yes,2.00M,Medium,2024
LASK - Advanced Composite Materials,https://poly-adhesive.my.canva.site/lask,,Seed,"Manufacturing ,Technology ",Hardware & loT & Drones,Riyadh,Saudi Arabia,1,1M – 3M,Startup / Small,1000000.0,75.6,Yes,2.00M,Medium,
Growthin,Growth-in.net,,Pre-Seed,"Technology ,Media,Communication,Media Production",Advertisement,Makkah,Saudi Arabia,1,500K – 2M,Startup / Small,500000000.0,13.68,Yes,1.25M,Low,2023
TechieMatter,Www.TechieMatter.com,,Seed,"HR & Recruitments,Professional Service ,Technology ","HR & Recruitment ,SaaS",Riyadh,Saudi Arabia,2,1M – 3M,Startup / Small,1000000.0,75.6,Yes,2.00M,Medium,2020
OpenTech,https://opentech.sa/,,Seed,"Technology ,Consulting","3D Printing,AI & Machine Learning,Hardware & loT & Drones,AgriTech,Computer Vision,Blockchain Solution ,SaaS",Riyadh,Saudi Arabia,7,1M – 3M,Startup / Small,1000000.0,75.6,Yes,2.00M,Medium,
HiGem,higem.me,,Pre-Seed,Travel & Tourism,"AI & Machine Learning,Marketplace,Aggregator",Makkah,Saudi Arabia,3,500K – 2M,Startup / Small,500000000.0,13.68,Yes,1.25M,Low,
Green Life Company,www.greenlife.sa.com,,Series A,Technology ,"E-Commerce,Social Media,AgriTech",Riyadh,Saudi Arabia,3,6M – 15M,Startup / Small,6000000.0,75.6,Yes,10.50M,Medium,
gulf-el,gulf-el.com,,Seed,"Technology ,Transportation & Automotive","AI & Machine Learning,Autonomous Driving ,SaaS,X-as-a-service model ,Transport & Micro Mobility",Riyadh,Saudi Arabia,5,1M – 3M,Startup / Small,1000000.0,75.6,Yes,2.00M,Medium,
Smart Codes IT,https://www.linkedin.com/company/smart-code-for-information-technology/,,Seed,"Technology ,Consumer Service ,HR & Recruitments","CRM,Cyber Security ,Cloud Solution ,E-Commerce,Affiliate Marketing",Riyadh,Saudi Arabia,5,1M – 3M,Startup / Small,1000000.0,75.6,Yes,2.00M,Medium,
Air To MC2,https://www.mayenterprisesinc.com/,,Pre-Series A,"Technology ,Transportation & Automotive,Environment,Hardware,Renewable Energy","3D Printing,AgriTech,ClimateTech,Hardware & loT & Drones,Manufacturing ,Industry 4.0,Renewable Energy ",Makkah,Saudi Arabia,7,2M – 6M,Startup / Small,2000000.0,13.68,Yes,4.00M,Medium,
Unit,https://reu.com.sa/,,Pre-Seed,Real Estate,"E-Commerce,Affiliate Marketing,Blockchain Solution ,Cloud Solution ,Social Commerce ",Makkah,Saudi Arabia,5,500K – 2M,Startup / Small,500000000.0,13.68,Yes,1.25M,Low,
Almutanabi,no link available,,Seed,Financial Services,AI & Machine Learning,Riyadh,Saudi Arabia,1,1M – 3M,Startup / Small,1000000.0,75.6,Yes,2.00M,Medium,
Mila Celebrations,https://www.mila.day/,,Seed,Entertainment,"E-Commerce,Marketplace",Riyadh,Saudi Arabia,2,1M – 3M,Startup / Small,1000000.0,75.6,Yes,2.00M,Medium,2024
Oreed,https://oreed.org/ar,,Seed,Technology ,"E-Learning,SaaS,CRM",Riyadh,Saudi Arabia,3,1M – 3M,Startup / Small,1000000.0,75.6,Yes,2.00M,Medium,2023
Virtual Medical Academy,https://medicalacademy.org/,,Seed,Healthcare,"E-Learning,Podcasts / Audiobooks",Madinah,Saudi Arabia,2,1M – 3M,Startup / Small,1000000.0,2.87,Yes,2.00M,Medium,2013
Activide,https://www.acti-vide.com,,Pre-Seed,Technology ,SaaS,Riyadh,Saudi Arabia,1,500K – 2M,Startup / Small,500000000.0,75.6,Yes,1.25M,Low,
Fitnas,Fitnas.net,,Pre-Seed,"Technology ,Food & Beverages ,Wellness & Mental Health","Marketplace,Logistics",Riyadh,Saudi Arabia,2,500K – 2M,Startup / Small,500000000.0,75.6,Yes,1.25M,Low,
AYEN,https://services.ayen.com.sa/home,,Series A,"Real Estate,Technology ","SaaS,Marketplace,Logistics",Riyadh,Saudi Arabia,3,6M – 15M,Startup / Small,6000000.0,75.6,Yes,10.50M,Medium,2018
CLST,www.clst.com,,Pre-Series A,"Financial Services,Technology ","Cryptocurrencies & NFTs,Fintech Infrastructure,Blockchain Solution ,SaaS,Web3& Metaverse ,B2B Financing",Riyadh,Saudi Arabia,6,2M – 6M,Startup / Small,2000000.0,75.6,Yes,4.00M,Medium,
OSJ for Information Technology,https://osj.ai,,Pre-Series A,"Technology ,Financial Services,Education","Financial Solution,Fund Distribution ,AI & Machine Learning,SaaS,E-Learning",Riyadh,Saudi Arabia,5,2M – 6M,Startup / Small,2000000.0,75.6,Yes,4.00M,Medium,
Maksb,Maksb.sa,,Pre-Seed,Technology ,Marketplace,Riyadh,Saudi Arabia,1,500K – 2M,Startup / Small,500000000.0,75.6,Yes,1.25M,Low,2024
RiFD,www.rifdfinance.com,,Seed,"Financial Services,Technology ","B2B Financing,Financial Solution",Riyadh,Saudi Arabia,2,1M – 3M,Startup / Small,1000000.0,75.6,Yes,2.00M,Medium,
Light,Light.sa,,Seed,Food & Beverages ,"ePOS,SaaS,Loyalty ",Riyadh,Saudi Arabia,3,1M – 3M,Startup / Small,1000000.0,75.6,Yes,2.00M,Medium,
Qantara,www.qantara.studio,,Pre-Seed,"Art & Design,Insurance ,Travel & Tourism","Brokerage,Fintech Infrastructure,Hospitality,Fund Distribution ,Financial Solution,Gifting ,Social Commerce ,Trading ",Riyadh,Saudi Arabia,8,500K – 2M,Startup / Small,500000000.0,75.6,Yes,1.25M,Low,
Dunes Aero,Dunesaero.com,,Seed,Technology ,"Hardware & loT & Drones,AgriTech,AI & Machine Learning,APP Dev & PaaS,Logistics,Robotics ,SaaS",Makkah,Saudi Arabia,7,1M – 3M,Startup / Small,1000000.0,13.68,Yes,2.00M,Medium,2022
RevYou,https://www.linkedin.com/company/revyou-sa/,,Pre-Seed,Technology ,Advertisement,Makkah,Saudi Arabia,1,500K – 2M,Startup / Small,500000000.0,13.68,Yes,1.25M,Low,2025
AI Atlas Inc.,,,Pre-Seed,Technology ,,Riyadh,Saudi Arabia,0,500K – 2M,Startup / Small,500000000.0,75.6,No,1.25M,Low,
Rabaed,www.rabaedapp.com,,Pre-Seed,"Technology ,Construction",SaaS,Riyadh,Saudi Arabia,1,500K – 2M,Startup / Small,500000000.0,75.6,Yes,1.25M,Low,
Uniex App,https://uniex.tech,,Seed,"Education,Technology ","AI & Machine Learning,E-Learning",Riyadh,Saudi Arabia,2,1M – 3M,Startup / Small,1000000.0,75.6,Yes,2.00M,Medium,
Beon,Beon.sa,,Pre-Seed,Technology ,"SaaS,Marketplace",Madinah,Saudi Arabia,2,500K – 2M,Startup / Small,500000000.0,2.87,Yes,1.25M,Low,
AISC,https://aisc.sa,,Seed,Construction,"AI & Machine Learning,APP Dev & PaaS,Computer Vision",Riyadh,Saudi Arabia,3,1M – 3M,Startup / Small,1000000.0,75.6,Yes,2.00M,Medium,
Sadq,Sadq.sa,,Seed,Legal,"AI & Machine Learning,IT Solutions Services",Riyadh,Saudi Arabia,2,1M – 3M,Startup / Small,1000000.0,75.6,Yes,2.00M,Medium,2022
Maak solutions medical company,https://play.google.com/store/apps/details?id=com.maak.app&hl=ar,,Seed,"Healthcare,Technology ",SaaS,Riyadh,Saudi Arabia,1,1M – 3M,Startup / Small,1000000.0,75.6,Yes,2.00M,Medium,
Jaree | جريء,http://jaree.sa,,Pre-Seed,Financial Services,,Riyadh,Saudi Arabia,0,500K – 2M,Startup / Small,500000000.0,75.6,No,1.25M,Low,2025
Cora,Cora.sa,,Pre-Seed,Financial Services,Financial Solution,Riyadh,Saudi Arabia,1,500K – 2M,Startup / Small,500000000.0,75.6,Yes,1.25M,Low,
Clean Basket,https://apps.apple.com/sa/app/clean-basket/id6497484974,,Seed,Technology ,APP Dev & PaaS,Riyadh,Saudi Arabia,1,1M – 3M,Startup / Small,1000000.0,75.6,Yes,2.00M,Medium,
Ananas -Digital nutritional solutions,https://annannas.com/,,Pre-Seed,"Food & Beverages ,Healthcare","AI & Machine Learning,Affiliate Marketing,E-Commerce",Eastern,Saudi Arabia,3,500K – 2M,Startup / Small,500000000.0,4.97,Yes,1.25M,Low,2024
MENA Cashback,https://www.menacashback.com,,Seed,Financial Services,"Affiliate Marketing,E-Commerce,Financial Solution,Loyalty ",Riyadh,Saudi Arabia,4,1M – 3M,Startup / Small,1000000.0,75.6,Yes,2.00M,Medium,
Net Zero Build,https://netzerobuild.ai/,,Seed,"Real Estate,Environment,Construction","SaaS,Subscription,ClimateTech",Riyadh,Saudi Arabia,3,1M – 3M,Startup / Small,1000000.0,75.6,Yes,2.00M,Medium,
DiveXcpe,https://DiveXcape.com,,Pre-Seed,"Travel & Tourism,Sports","Consumer Services,E-Commerce,Marketplace,SaaS,Aggregator",Riyadh,Saudi Arabia,5,500K – 2M,Startup / Small,500000000.0,75.6,Yes,1.25M,Low,2023
COGNNA,https://www.cognna.com/,,Seed,"Technology ,Defence",Cyber Security ,Riyadh,Saudi Arabia,1,1M – 3M,Startup / Small,1000000.0,75.6,Yes,2.00M,Medium,2022
SellersHook,sellershook.com,,Seed,Technology ,"E-Commerce,Marketplace",Riyadh,Saudi Arabia,2,1M – 3M,Startup / Small,1000000.0,75.6,Yes,2.00M,Medium,2022
InteliDexer,intelidexer.com,,Seed,"Technology ,Consumer Service ,Professional Service ","AI & Machine Learning,APP Dev & PaaS,Cloud Solution ,IT Solutions Services,SaaS,Social Media,X-as-a-service model ,Subscription",Eastern,Saudi Arabia,8,1M – 3M,Startup / Small,1000000.0,4.97,Yes,2.00M,Medium,
Mata Logistic,https://www.matalogistic.com/,,Seed,"Logistics ,Travel & Tourism","AI & Machine Learning,IT Solutions Services,Aggregator",Riyadh,Saudi Arabia,3,1M – 3M,Startup / Small,1000000.0,75.6,Yes,2.00M,Medium,
HTI (HealthTech Innovations Company),21Doctors.com,,Series A,Healthcare,"AI & Machine Learning,Telehealth ",Riyadh,Saudi Arabia,2,6M – 15M,Startup / Small,6000000.0,75.6,Yes,10.50M,Medium,
Rasēd,www.rased.ai,,Pre-Seed,"Financial Services,Technology ","Cyber Security ,AI & Machine Learning",Riyadh,Saudi Arabia,2,500K – 2M,Startup / Small,500000000.0,75.6,Yes,1.25M,Low,
Maghsala,www.maghsala.co,,Pre-Seed,Consumer Service ,"Marketplace,Last Mile Delivery",Riyadh,Saudi Arabia,2,500K – 2M,Startup / Small,500000000.0,75.6,Yes,1.25M,Low,2024
Thya Technology,https://www.thya-technology.com/,,Seed,Technology ,"AI & Machine Learning,AgriTech,BioTech,Computer Vision,SaaS,Marketplace",Makkah,Saudi Arabia,6,1M – 3M,Startup / Small,1000000.0,13.68,Yes,2.00M,Medium,
Halsimplify,Halsimplify.com,,Pre-Series A,Technology ,SaaS,Riyadh,Saudi Arabia,1,2M – 6M,Startup / Small,2000000.0,75.6,Yes,4.00M,Medium,2014
Nqoodlet,Nqoodlet.com,,Series A,Financial Services,Expense Mangement,Riyadh,Saudi Arabia,1,6M – 15M,Startup / Small,6000000.0,75.6,Yes,10.50M,Medium,2021
Digital Move,Digitalmovesa.com,,Seed,Media,Advertisement,Makkah,Saudi Arabia,1,1M – 3M,Startup / Small,1000000.0,13.68,Yes,2.00M,Medium,
Misraj Technology,https://misraj.sa/,,Private Equity,"Technology ,Financial Services,Education","IT Solutions Services,AI & Machine Learning,APP Dev & PaaS",Eastern,Saudi Arabia,3,50M – 500M+,Large,50000000.0,4.97,Yes,275.00M,High,2014
0Plus,https://misraj.sa/,,Seed,Technology ,SaaS,Eastern,Saudi Arabia,1,1M – 3M,Startup / Small,1000000.0,4.97,Yes,2.00M,Medium,2014
NovaSync Star,https://misraj.sa/,,Seed,Technology ,APP Dev & PaaS,Eastern,Saudi Arabia,1,1M – 3M,Startup / Small,1000000.0,4.97,Yes,2.00M,Medium,2014
Misraj,https://misraj.sa/,,Seed,Technology ,AI & Machine Learning,Eastern,Saudi Arabia,1,1M – 3M,Startup / Small,1000000.0,4.97,Yes,2.00M,Medium,2014
Spiders,Spiders.ai,,Seed,Technology ,AI & Machine Learning,Makkah,Saudi Arabia,1,1M – 3M,Startup / Small,1000000.0,13.68,Yes,2.00M,Medium,
Kashcool,https://kashcool.com.sa/home-ar/about/,,Seed,Education,3D Printing,Riyadh,Saudi Arabia,1,1M – 3M,Startup / Small,1000000.0,75.6,Yes,2.00M,Medium,
Waffarha,https://waffarha.com/ar,,Series A,Technology ,Marketplace,Riyadh,Saudi Arabia,1,6M – 15M,Startup / Small,6000000.0,75.6,Yes,10.50M,Medium,2012
AlamriCapital,MorbehCapital.com,,Pre-Seed,"Financial Services,Technology ",Financial Solution,Makkah,Saudi Arabia,1,500K – 2M,Startup / Small,500000000.0,13.68,Yes,1.25M,Low,
Rology,rology.health,,Pre-Series A,"Healthcare,Technology ","AI & Machine Learning,Telehealth ",Riyadh,Saudi Arabia,2,2M – 6M,Startup / Small,2000000.0,75.6,Yes,4.00M,Medium,2017
Cubelink,https://getcubelink.com/,,Seed,"Technology ,Food & Beverages ,Real Estate,Construction","AI & Machine Learning,Cloud Solution ,SaaS,Cyber Security ",Riyadh,Saudi Arabia,4,1M – 3M,Startup / Small,1000000.0,75.6,Yes,2.00M,Medium,
Marn,marn.com,,Private Equity,"Financial Services,Retail",,Riyadh,Saudi Arabia,0,50M – 500M+,Large,50000000.0,75.6,No,275.00M,High,
MyFounders.Club,www.myfounders.club,,Pre-Seed,"Entertainment,Technology ,Education","Subscription,E-Learning,IT Solutions Services,Financial Solution,Podcasts / Audiobooks,SME-Funding,Web3& Metaverse ,AI & Machine Learning",Riyadh,Saudi Arabia,8,500K – 2M,Startup / Small,500000000.0,75.6,Yes,1.25M,Low,
Trackgenesis,www.trackgenesis.com,,Private Equity,Technology ,"Blockchain Solution ,Web3& Metaverse ",Riyadh,Saudi Arabia,2,50M – 500M+,Large,50000000.0,75.6,Yes,275.00M,High,2019
Epona AI Technology,https://epona.consulting/,,Seed,Technology ,"AI & Machine Learning,IT Solutions Services",Riyadh,Saudi Arabia,2,1M – 3M,Startup / Small,1000000.0,75.6,Yes,2.00M,Medium,
Paravela,https://paravela.com,,Pre-Seed,Technology ,"Blockchain Solution ,AI & Machine Learning,Web3& Metaverse ",Riyadh,Saudi Arabia,3,500K – 2M,Startup / Small,500000000.0,75.6,Yes,1.25M,Low,2023
Silan AI,silanai.com,,Seed,Technology ,"AI & Machine Learning,SaaS,IT Solutions Services",Madinah,Saudi Arabia,3,1M – 3M,Startup / Small,1000000.0,2.87,Yes,2.00M,Medium,2024
Gifted Wallet,https://www.linkedin.com/company/giftedwallet/about/,,Pre-Seed,Financial Services,Subscription,Makkah,Saudi Arabia,1,500K – 2M,Startup / Small,500000000.0,13.68,No,1.25M,Low,
MediStore,https://medistore.com.sa/,,Seed,Healthcare,"E-Commerce,Wholesale",Riyadh,Saudi Arabia,2,1M – 3M,Startup / Small,1000000.0,75.6,Yes,2.00M,Medium,
Maghsala,https://www.maghsala.co/,,Pre-Seed,Consumer Service ,Marketplace,Riyadh,Saudi Arabia,1,500K – 2M,Startup / Small,500000000.0,75.6,Yes,1.25M,Low,2024
Rased,https://www.rased.ai/,,Seed,Technology ,Cyber Security ,Riyadh,Saudi Arabia,1,1M – 3M,Startup / Small,1000000.0,75.6,Yes,2.00M,Medium,
Sindbad.Tech,https://sindbad.tech/,,Seed,Financial Services,"Robo-Advisory ,Trading ",Riyadh,Saudi Arabia,2,1M – 3M,Startup / Small,1000000.0,75.6,Yes,2.00M,Medium,2020
Rawiah,https://rawiah.com/,,Seed,Education,E-Learning,Riyadh,Saudi Arabia,1,1M – 3M,Startup / Small,1000000.0,75.6,Yes,2.00M,Medium,2022
KASHCOOL,WWW.KASHCOOL.COM.SA,,Seed,Education,E-Learning,Riyadh,Saudi Arabia,1,1M – 3M,Startup / Small,1000000.0,75.6,Yes,2.00M,Medium,2017
Taawoni,https://taawoni.com/,,Seed,Education,"SaaS,E-Learning,Marketplace",Riyadh,Saudi Arabia,3,1M – 3M,Startup / Small,1000000.0,75.6,Yes,2.00M,Medium,
Agd Ejar,https://agd.sa,,Pre-Seed,"Technology ,Real Estate,Financial Services",,Makkah,Saudi Arabia,0,500K – 2M,Startup / Small,500000000.0,13.68,No,1.25M,Low,
makan.design,https://www.makan.design/,,Seed,"Art & Design,Construction",,Riyadh,Saudi Arabia,0,1M – 3M,Startup / Small,1000000.0,75.6,No,2.00M,Medium,
ADEB,https://www.linkedin.com/in/afnan-rm/,,Seed,"Social,Technology ,HR & Recruitments","Marketplace,HR & Recruitment ",Riyadh,Saudi Arabia,2,1M – 3M,Startup / Small,1000000.0,75.6,Yes,2.00M,Medium,
Clariscan.AI,clariscan.io,,Pre-Seed,Healthcare,"AI & Machine Learning,Cloud Solution ",Riyadh,Saudi Arabia,2,500K – 2M,Startup / Small,500000000.0,75.6,Yes,1.25M,Low,
RushRooms,https://rushrooms.net/,,Seed,"Technology ,Consumer Service ",E-Commerce,Riyadh,Saudi Arabia,1,1M – 3M,Startup / Small,1000000.0,75.6,Yes,2.00M,Medium,
Fundi,https://fundi.sa/,,Seed,Financial Services,,Riyadh,Saudi Arabia,0,1M – 3M,Startup / Small,1000000.0,75.6,No,2.00M,Medium,
Locate,https://www.locate.sa/,,Series A,Food & Beverages ,"Last Mile Delivery,Marketplace",Eastern,Saudi Arabia,2,6M – 15M,Startup / Small,6000000.0,4.97,Yes,10.50M,Medium,
Ertikaz Solutions,https://www.ertikaz-tech.com/,,Seed,Logistics ,Fleet Mangement ,Riyadh,Saudi Arabia,1,1M – 3M,Startup / Small,1000000.0,75.6,Yes,2.00M,Medium,2022
BehavTech,https://behavtech.sa,,Seed,"Healthcare,Education","Telehealth ,E-Learning",Riyadh,Saudi Arabia,2,1M – 3M,Startup / Small,1000000.0,75.6,Yes,2.00M,Medium,2020
Zml,https://www.zmlapp.com/,,Seed,Pets & Animals,Marketplace,Riyadh,Saudi Arabia,1,1M – 3M,Startup / Small,1000000.0,75.6,Yes,2.00M,Medium,2022
Kitabh,Kitabh.com,,Pre-Seed,"Media,Media Production,Social,Entertainment","Media Production & Distribution,Social Media",Riyadh,Saudi Arabia,2,500K – 2M,Startup / Small,500000000.0,75.6,Yes,1.25M,Low,
Bookista,bookista.sa,,Pre-Seed,"Technology ,Media Production,Media,Professional Service ","Marketplace,Social Media,Media Production & Distribution,Aggregator",Eastern,Saudi Arabia,4,500K – 2M,Startup / Small,500000000.0,4.97,Yes,1.25M,Low,2021
Arable,https://www.arablefoods.com/,,Seed,Food & Beverages ,AgriTech,Riyadh,Saudi Arabia,1,1M – 3M,Startup / Small,1000000.0,75.6,Yes,2.00M,Medium,2017
Colada,https://coladaapp.io/ar/,,Seed,Food & Beverages ,AI & Machine Learning,Riyadh,Saudi Arabia,1,1M – 3M,Startup / Small,1000000.0,75.6,Yes,2.00M,Medium,2024
Firnas,https://www.firnas.ai/,,Pre-Seed,Technology ,Hospitality,Riyadh,Saudi Arabia,1,500K – 2M,Startup / Small,500000000.0,75.6,Yes,1.25M,Low,2022
Hollat,https://hollat.net/,,Seed,Technology ,"CRM,AI & Machine Learning",Riyadh,Saudi Arabia,2,1M – 3M,Startup / Small,1000000.0,75.6,Yes,2.00M,Medium,2023
MLNetworks,https://mlnetworks.io/,,Seed,Telecommunication,SaaS,Riyadh,Saudi Arabia,1,1M – 3M,Startup / Small,1000000.0,75.6,Yes,2.00M,Medium,2023
Olo Group,https://www.olo.net.sa/,,Seed,Education,E-Learning,Riyadh,Saudi Arabia,1,1M – 3M,Startup / Small,1000000.0,75.6,Yes,2.00M,Medium,2020
Order,https://tryorder.com/,,Seed,Consulting,IT Solutions Services,Riyadh,Saudi Arabia,1,1M – 3M,Startup / Small,1000000.0,75.6,Yes,2.00M,Medium,2024
Rintel,https://www.rintel.co/,,Pre-Seed,Food & Beverages ,Consumer Services,Riyadh,Saudi Arabia,1,500K – 2M,Startup / Small,500000000.0,75.6,No,1.25M,Low,
Saif Check,https://www.saifcheck.ai/,,Seed,Professional Service ,Cyber Security ,Riyadh,Saudi Arabia,1,1M – 3M,Startup / Small,1000000.0,75.6,Yes,2.00M,Medium,2023
Wittify,https://wittify.ai/,,Seed,Technology ,AI & Machine Learning,Riyadh,Saudi Arabia,1,1M – 3M,Startup / Small,1000000.0,75.6,Yes,2.00M,Medium,2024
Noot نوت,www.noot.co,,Seed,"HR & Recruitments,Technology ","CRM,ePOS,Financial Solution,HR & Recruitment ",Makkah,Saudi Arabia,4,1M – 3M,Startup / Small,1000000.0,13.68,Yes,2.00M,Medium,2023
Cabiro,https://cabrio.sa/,,Seed,Transportation & Automotive,Marketplace,Riyadh,Saudi Arabia,1,1M – 3M,Startup / Small,1000000.0,75.6,Yes,2.00M,Medium,2017
Ajeer Pay,https://ajeerpay.com,,Pre-Seed,"Financial Services,HR & Recruitments","HR & Recruitment ,B2B Financing,SaaS",Riyadh,Saudi Arabia,3,500K – 2M,Startup / Small,500000000.0,75.6,Yes,1.25M,Low,
Paseetah prop-tech,https://paseetah.com/,,Pre-Seed,"Real Estate,Technology ","Aggregator,AI & Machine Learning",Riyadh,Saudi Arabia,2,500K – 2M,Startup / Small,500000000.0,75.6,Yes,1.25M,Low,2023
Abwab,https://abwab.ai/,,Seed,"Financial Services,Insurance ","Fintech Infrastructure,Financial Solution",Riyadh,Saudi Arabia,2,1M – 3M,Startup / Small,1000000.0,75.6,Yes,2.00M,Medium,2022
Fanera,https://www.fanera.co/,,Seed,Sports,Advertisement,Riyadh,Saudi Arabia,1,1M – 3M,Startup / Small,1000000.0,75.6,Yes,2.00M,Medium,2020
Me'kaaz,https://mekaaz.com/,,Pre-Seed,Healthcare,"Telehealth ,AI & Machine Learning",Riyadh,Saudi Arabia,2,500K – 2M,Startup / Small,500000000.0,75.6,Yes,1.25M,Low,
ShipTag,https://shiptag.com/,,Pre-Seed,Consumer Service ,"E-Commerce,AI & Machine Learning",Madinah,Saudi Arabia,2,500K – 2M,Startup / Small,500000000.0,2.87,Yes,1.25M,Low,
Hadaya.AI,https://hadaya.ai/,,Seed,Gifting,Marketplace,Riyadh,Saudi Arabia,1,1M – 3M,Startup / Small,1000000.0,75.6,Yes,2.00M,Medium,
Uptal,https://uptal.com/,,Pre-Seed,HR & Recruitments,"AI & Machine Learning,HR & Recruitment ",Riyadh,Saudi Arabia,2,500K – 2M,Startup / Small,500000000.0,75.6,Yes,1.25M,Low,2023
abwab.ai,abwab.ai,,Series A,Financial Services,"Fintech Infrastructure,SME-Funding",Riyadh,Saudi Arabia,2,6M – 15M,Startup / Small,6000000.0,75.6,Yes,10.50M,Medium,2022
Cycle.ai,m.almoklaq@unicodasolutions.co,,Pre-Seed,Technology ,AI & Machine Learning,Riyadh,Saudi Arabia,1,500K – 2M,Startup / Small,500000000.0,75.6,Yes,1.25M,Low,
لهجه Ai,ceo@digitalintelligence.sa,,Pre-Seed,Communication,AI & Machine Learning,Riyadh,Saudi Arabia,1,500K – 2M,Startup / Small,500000000.0,75.6,Yes,1.25M,Low,
ePadel,nasser.aog@gmail.com,,Pre-Seed,Sports,"AI & Machine Learning,Game Dev",Riyadh,Saudi Arabia,2,500K – 2M,Startup / Small,500000000.0,75.6,Yes,1.25M,Low,
Abdulmalik Alsaeed,Abdulmalik@sawt.sa,,Pre-Seed,Consumer Service ,AI & Machine Learning,Riyadh,Saudi Arabia,1,500K – 2M,Startup / Small,500000000.0,75.6,Yes,1.25M,Low,
MedNavigator,ibm.awwad@gmail.com,,Pre-Seed,Healthcare,AI & Machine Learning,Riyadh,Saudi Arabia,1,500K – 2M,Startup / Small,500000000.0,75.6,Yes,1.25M,Low,
JAI,https://jai.fyi/,,Seed,Food & Beverages ,"APP Dev & PaaS,AI & Machine Learning",Riyadh,Saudi Arabia,2,1M – 3M,Startup / Small,1000000.0,75.6,Yes,2.00M,Medium,2024
Ms Giraffe,https://msgiraffe.com/,,Seed,"Education,Entertainment",AI & Machine Learning,Riyadh,Saudi Arabia,1,1M – 3M,Startup / Small,1000000.0,75.6,Yes,2.00M,Medium,2024
Rvin,https://www.rvin.sa/,,Pre-Seed,Retail,"E-Commerce,AI & Machine Learning",Riyadh,Saudi Arabia,2,500K – 2M,Startup / Small,500000000.0,75.6,Yes,1.25M,Low,
Malameh,https://trymalameh.com/,,Pre-Seed,Fashion,AI & Machine Learning,Riyadh,Saudi Arabia,1,500K – 2M,Startup / Small,500000000.0,75.6,Yes,1.25M,Low,
Neural Desk,Faisal.almanea0@gmail.com,,Pre-Seed,Technology ,"AI & Machine Learning,APP Dev & PaaS",Riyadh,Saudi Arabia,2,500K – 2M,Startup / Small,500000000.0,75.6,Yes,1.25M,Low,
Maheer,skillupmaheer@gmai.com,,Pre-Seed,Sports,AI & Machine Learning,Riyadh,Saudi Arabia,1,500K – 2M,Startup / Small,500000000.0,75.6,Yes,1.25M,Low,
DeepNet,samah.oufi@gmail.com,,Pre-Seed,Sports,AI & Machine Learning,Riyadh,Saudi Arabia,1,500K – 2M,Startup / Small,500000000.0,75.6,Yes,1.25M,Low,
Fitness Hub,https://www.linkedin.com/in/abdulmalik-alshamari-176703206/,,Pre-Seed,"Healthcare,Sports",AI & Machine Learning,Riyadh,Saudi Arabia,1,500K – 2M,Startup / Small,500000000.0,75.6,Yes,1.25M,Low,
vminds.ai,https://vminds.ai/,,Pre-Seed,Professional Service ,AI & Machine Learning,Riyadh,Saudi Arabia,1,500K – 2M,Startup / Small,500000000.0,75.6,Yes,1.25M,Low,2024
sahmalgo,https://sahmalgo.com/,,Pre-Seed,Financial Services,"Fintech Infrastructure,AI & Machine Learning",Riyadh,Saudi Arabia,2,500K – 2M,Startup / Small,500000000.0,75.6,Yes,1.25M,Low,2022
AVA,https://ava.com.sa/,,Pre-Series A,"Logistics ,Technology ",Financial Solution,Riyadh,Saudi Arabia,1,2M – 6M,Startup / Small,2000000.0,75.6,Yes,4.00M,Medium,2020
Hseeltech,https://www.hseeltech.com/,,Pre-Series A,Real Estate,"Fintech Infrastructure,AI & Machine Learning",Riyadh,Saudi Arabia,2,2M – 6M,Startup / Small,2000000.0,75.6,Yes,4.00M,Medium,
Mbshr,https://mbshr.sa/,,Series A,Financial Services,"SaaS,Fintech Infrastructure",Riyadh,Saudi Arabia,2,6M – 15M,Startup / Small,6000000.0,75.6,Yes,10.50M,Medium,
Mtahd,https://mtahd.sa/en/,,Pre-Series A,Financial Services,"Financial Solution,Consumer Services",Riyadh,Saudi Arabia,2,2M – 6M,Startup / Small,2000000.0,75.6,Yes,4.00M,Medium,
Bitwadi,https://www.bitwadi.com/,,Seed,Financial Services,Fintech Infrastructure,Riyadh,Saudi Arabia,1,1M – 3M,Startup / Small,1000000.0,75.6,Yes,2.00M,Medium,
Waffy App,https://waffyapp.com/,,Pre-Series A,"Retail,Financial Services",Fintech Infrastructure,Riyadh,Saudi Arabia,1,2M – 6M,Startup / Small,2000000.0,75.6,Yes,4.00M,Medium,2022
IFIN,https://ifin-services.com/,,Seed,Financial Services,APP Dev & PaaS,Riyadh,Saudi Arabia,1,1M – 3M,Startup / Small,1000000.0,75.6,Yes,2.00M,Medium,2014
Gorex,https://gorex.ai/en,,Seed,"Logistics ,Financial Services","Fintech Infrastructure,APP Dev & PaaS",Riyadh,Saudi Arabia,2,1M – 3M,Startup / Small,1000000.0,75.6,Yes,2.00M,Medium,
Madkhol Capital,https://madkhol.com/,,Pre-Series A,Financial Services,"SME-Funding,Fintech Infrastructure,Digital Bank",Riyadh,Saudi Arabia,3,2M – 6M,Startup / Small,2000000.0,75.6,Yes,4.00M,Medium,2021
Razeen Capital,https://razeencapital.sa/,,Pre-Series A,"Consulting,Financial Services",AI & Machine Learning,Riyadh,Saudi Arabia,1,2M – 6M,Startup / Small,2000000.0,75.6,Yes,4.00M,Medium,
Arbon,https://arbon.com.sa/,,Pre-Seed,"Real Estate,Financial Services",Financial Solution,Riyadh,Saudi Arabia,1,500K – 2M,Startup / Small,500000000.0,75.6,Yes,1.25M,Low,
Munaseb,https://munaseb.com.sa/en,,Pre-Series A,Real Estate,"Financial Solution,APP Dev & PaaS",Riyadh,Saudi Arabia,2,2M – 6M,Startup / Small,2000000.0,75.6,Yes,4.00M,Medium,
Lynk,https://lynk.sa/en,,Pre-Series A,Financial Services,Fintech Infrastructure,Riyadh,Saudi Arabia,1,2M – 6M,Startup / Small,2000000.0,75.6,Yes,4.00M,Medium,
Halala Plus,https://www.halalaplus.com/,,Pre-Series A,Financial Services,"AI & Machine Learning,Financial Solution",Riyadh,Saudi Arabia,2,2M – 6M,Startup / Small,2000000.0,75.6,Yes,4.00M,Medium,2023
Rabeh,https://www.rabeh.sa/en,,Pre-Series A,Financial Services,"Crowdfunding,Fintech Infrastructure",Riyadh,Saudi Arabia,2,2M – 6M,Startup / Small,2000000.0,75.6,Yes,4.00M,Medium,
HackSpace,https://hackspace.sa/,,Pre-Seed,Education,Cyber Security ,Riyadh,Saudi Arabia,1,500K – 2M,Startup / Small,500000000.0,75.6,Yes,1.25M,Low,2023
Soul Artists,https://soulartists.net/,,Seed,Entertainment,Marketplace,Riyadh,Saudi Arabia,1,1M – 3M,Startup / Small,1000000.0,75.6,Yes,2.00M,Medium,2017
Baeynh,https://bynh.sa/,,Pre-Seed,Legal,Logistics,Riyadh,Saudi Arabia,1,500K – 2M,Startup / Small,500000000.0,75.6,Yes,1.25M,Low,2019
SARSAT,https://sarsatarabia.com/,,Seed,space, Commercial Satellite Imaging ,jeddah,Saudi Arabia,1,1M – 3M,Startup / Small,1000000.0,1.92,No,2.00M,Medium,2023
Akwan,https://akwan.me/en-sa?srsltid=AfmBOoqym0XnUAUXYcGSA7r0inBHxr5HYPkM05VpRAgF02Qow9g0JT,,Seed,Education,E-Learning,Riyadh,Saudi Arabia,1,1M – 3M,Startup / Small,1000000.0,75.6,Yes,2.00M,Medium,
Seavo,https://seavo.co/,,Pre-Seed,Marine Mobility,Micro‑Mobility Platform,jeddah,Saudi Arabia,1,500K – 2M,Startup / Small,500000000.0,1.92,No,1.25M,Low,2021
Logexa,https://logexa.com/ar/,,Seed,Logistics Tech,On-demand B2B Warehousing Platform ,Riyadh,Saudi Arabia,1,1M – 3M,Startup / Small,1000000.0,75.6,Yes,2.00M,Medium,2020
Stllr Network,https://www.stllr.network/en,,Seed,Marketing Technology,Marketplace,jeddah,Saudi Arabia,1,1M – 3M,Startup / Small,1000000.0,1.92,Yes,2.00M,Medium,
TechiMatter,https://www.techiematter.com/,,Pre-Seed,HR & Recruitments,HR & Recruitment ,Riyadh,Saudi Arabia,1,500K – 2M,Startup / Small,500000000.0,75.6,Yes,1.25M,Low,2020
Payzaty,https://www.payzaty.com/,,Pre-Seed,Financial Services,Fintech Infrastructure,Riyadh,Saudi Arabia,1,500K – 2M,Startup / Small,500000000.0,75.6,Yes,1.25M,Low,2018
aFundy,https://afundy.net/,,Pre-Seed,Financial Services,Financial Solution,jeddah,Saudi Arabia,1,500K – 2M,Startup / Small,500000000.0,1.92,Yes,1.25M,Low,2018
