Name,Website,Featured,Stage,Industry,Tags,Region,Startup HQ
Lean,https://www.leantech.me,,Series B,Financial Services,Fintech Infrastructure,Riyadh,Saudi Arabia
Foodics,https://www.foodics.com/,,Series C,"Technology ,Food & Beverages ","SaaS,Financial Solution",Riyadh,Saudi Arabia
Salla,https://salla.com/,true,Private Equity,"Technology ",SaaS,Makkah,Saudi Arabia
Nana,https://nana.co/en,true,Series C,"Food & Beverages ","Last Mile Delivery,Marketplace,E-Commerce",Riyadh,Saudi Arabia
Mozn,https://www.mozn.sa,true,Pre-Series B,"Technology ",AI & Machine Learning,Riyadh,Saudi Arabia
Rewaa,https://rewaatech.com,true,Series A,"Technology ","SaaS,ERP",Riyadh,Saudi Arabia
Zid,https://zid.sa/,true,Series B,"Technology ,Retail","SaaS,E-Commerce",Riyadh,Saudi Arabia
Classera,https://classera.com,true,Series A,Education,SaaS,Makkah,Saudi Arabia
Gathern,https://gathern.co,true,Pre-Series A,"Travel & Tourism,Real Estate","Marketplace,Hospitality",Riyadh,Saudi Arabia
Sary,https://www.sary.com/en,true,Series C,"Food & Beverages ,Retail","B2B Financing,Marketplace",Riyadh,Saudi Arabia
Syarah,https://syarah.com,true,Series B,Transportation & Automotive,"Marketplace,E-Commerce,Fintech Infrastructure",Riyadh,Saudi Arabia
Goldenscent,https://www.goldenscent.com,true,Series A,"Personal Care & Beauty ",E-Commerce,Riyadh,Saudi Arabia
Mrsool,https://mrsool.co,true,Series A,"Food & Beverages ,Logistics ","Last Mile Delivery,Marketplace",Riyadh,Saudi Arabia
Grintafy,https://grintafy.com,true,Pre-Series A,Sports,"Marketplace,HR & Recruitment ",Makkah,Saudi Arabia
Hakbah,https://hakbah.sa,true,Series A,Financial Services,ROSCA,Riyadh,Saudi Arabia
Hala,https://hala.com/home,true,Series A,Financial Services,"Financial Solution,ePOS,Expense Mangement",Riyadh,Saudi Arabia
Rasan,https://www.rasan.co/,true,IPO,"Insurance ",Marketplace,Riyadh,Saudi Arabia
Nice One,https://niceonesa.com/ar,true,IPO,"Personal Care & Beauty ",E-Commerce,Riyadh,Saudi Arabia
Noon Academy,https://www.learnatnoon.com/ar-sa,true,Series B,Education,Marketplace,Riyadh,Saudi Arabia
Paytabs,https://site.paytabs.com/en/,true,Series B,Financial Services,"Payment Gateway,Financial Solution",Eastern,Saudi Arabia
OTO,https://tryoto.com,true,Series A,"Logistics ",SaaS,Riyadh,Saudi Arabia
Unifonic,https://www.unifonic.com/en/,true,Series B,"Technology ","SaaS,Fintech Infrastructure",Riyadh,Saudi Arabia
Penny Software,https://penny.co/,true,Pre-Series A,"Technology ",SaaS,Riyadh,Saudi Arabia
Lucidya,https://lucidya.com,true,Series A,"Technology ",SaaS,Riyadh,Saudi Arabia
Flyakeed,https://flyakeed.com,true,Series A,Travel & Tourism,"SaaS,Marketplace,Expense Mangement",Riyadh,Saudi Arabia
Forus,https://www.forusinvest.com,true,Pre-Series A,Financial Services,"SME-Funding,Crowdfunding",Riyadh,Saudi Arabia
Cura,https://cura.sa/ar/,true,Series A,Healthcare,"Telehealth ",Riyadh,Saudi Arabia
Lendo,https://lendo.sa/,true,Series B,Financial Services,"SME-Funding,Crowdfunding",Riyadh,Saudi Arabia
Aanab,https://aanaab.com,true,Series A,Education,"Subscription,HR & Recruitment ,E-Learning",Makkah,Saudi Arabia
Barq,https://web.barqfleet.com/,true,Series A,Transportation & Automotive,Last Mile Delivery,Riyadh,Saudi Arabia
Taffi,https://www.taffi.co/,true,Pre-Series A,Fashion,"Marketplace,E-Commerce",Riyadh,Saudi Arabia
Sifi,https://www.sifi.app/ar,true,Seed,Financial Services,Expense Mangement,Riyadh,Saudi Arabia
Sirdab,https://www.sirdab.co/,,Seed,"Logistics ",Marketplace,Riyadh,Saudi Arabia
Tweeq,https://tweeq.sa/,,Seed,Financial Services,Digital Bank,Riyadh,Saudi Arabia
Lamaa,https://www.lamaa.sa/,true,Seed,Financial Services,B2B Financing,Riyadh,Saudi Arabia
Glamera,https://business.glamera.com/en/,,Pre-Series A,"Personal Care & Beauty ",SaaS,Riyadh,Saudi Arabia
Sweater,https://www.sweater.sa/,,Pre-Series A,Transportation & Automotive,"E-Commerce,Subscription",Riyadh,Saudi Arabia
Fifo Plus,https://www.fifoplus.com/,,Pre-Series A,"Food & Beverages ","Marketplace,B2B Financing",Makkah,Saudi Arabia
DailyMealz,https://dailymealz.com/?lang=en,,Pre-Series A,"Food & Beverages ",Subscription,Riyadh,Saudi Arabia
Jeel,https://pay.jeelapp.com/,,Seed,Education,BNPL,Riyadh,Saudi Arabia
Morni,https://www.morniksa.com/?locale=en,true,Series B,Transportation & Automotive,"Marketplace,E-Commerce",Riyadh,Saudi Arabia
Sabbar,https://sabbar.com/en,true,Pre-Series A,HR & Recruitments,Marketplace,Riyadh,Saudi Arabia
Quant,https://www.quant.sa/,true,Pre-Series A,"Technology ",AI & Machine Learning,Riyadh,Saudi Arabia
PalmHR,https://palmhr.net/,,Pre-Series A,"Technology ,HR & Recruitments","SaaS,ERP",Riyadh,Saudi Arabia
PiFlow,https://www.piflow.net/,,Seed,"Technology ","SaaS,ERP",Riyadh,Saudi Arabia
Qoyod,https://www.qoyod.com,true,Pre-Series A,"Technology ","SaaS,ERP",Riyadh,Saudi Arabia
Salasa,http://salasa.co/,,Series B,"Logistics ",Subscription,Riyadh,Saudi Arabia
Taker,https://taker.io/,,Pre-Series A,"Technology ,Food & Beverages ",SaaS,Riyadh,Saudi Arabia
Vom,https://getvom.com/,,Pre-Series A,"Technology ","SaaS,ERP",Riyadh,Saudi Arabia
Wosul,https://wosul.sa/,,Pre-Series A,"Technology ","SaaS,ERP",Riyadh,Saudi Arabia
Shgardi,https://shgardi.app/en/index.html,true,Pre-Series A,"Food & Beverages ","Last Mile Delivery,Marketplace",Eastern,Saudi Arabia
Suplift,https://suplift.com,,Seed,Entertainment,Marketplace,Riyadh,Saudi Arabia
Tamra Captial,https://tamracapital.sa,,Series B,Financial Services,"Robo-Advisory ",Riyadh,Saudi Arabia
Telgani,https://www.telgani.com/en/home,,Seed,Transportation & Automotive,E-Commerce,Riyadh,Saudi Arabia
The Chefz,https://thechefz.co/en/,true,Seed,"Food & Beverages ","Last Mile Delivery,Marketplace",Riyadh,Saudi Arabia
Walaplus,https://www.walaplus.com,,Seed,"Technology ","Loyalty ",Riyadh,Saudi Arabia
Juleb,https://juleb.com,true,Seed,Healthcare,SaaS,Makkah,Saudi Arabia
Labayh,https://labayh.net/ar/,true,Pre-Series A,Wellness & Mental Health,"Telehealth ",Riyadh,Saudi Arabia
Mismar,https://mismarapp.com,true,Seed,Transportation & Automotive,"SaaS,Marketplace,E-Commerce",Riyadh,Saudi Arabia
Ejaro,https://www.ejaro.com,true,Pre-Series A,Transportation & Automotive,Marketplace,Makkah,Saudi Arabia
Algooru,https://www.algooru.com,true,Pre-Series A,Education,Marketplace,Riyadh,Saudi Arabia
Circlys,https://circlys.com,true,Seed,Financial Services,ROSCA,Riyadh,Saudi Arabia
Own,https://own.sa/,,Seed,Real Estate,Marketplace,Riyadh,Saudi Arabia
Ejari,https://ejari.sa/,true,Pre-Series A,Real Estate,BNPL,Riyadh,Saudi Arabia
Wakecap,https://www.wakecap.com/,,Pre-Series A,Construction,Hardware & loT & Drones,Riyadh,Saudi Arabia
BuildNow,https://www.buildnow.sa/,true,Pre-Series A,Construction,B2B Financing,Riyadh,Saudi Arabia
Resal,https://resal.me/en/,true,Pre-Series A,"Technology ","Loyalty ",Riyadh,Saudi Arabia
Soum,https://soum.sa/,true,Pre-Series A,"Retail,Electronics ","Social Commerce ",Riyadh,Saudi Arabia
Barq,https://barq.com/,true,Seed,Financial Services,Digital Bank,Riyadh,Saudi Arabia
Ithnain,https://ithnain.com/,true,Seed,"Healthcare,Wellness & Mental Health",Marketplace,Riyadh,Saudi Arabia
Qawafel,https://www.qawafel.sa/,,Seed,"Food & Beverages ",Marketplace,Riyadh,Saudi Arabia
Lawazem,https://www.lawazem.com/,,Seed,Retail,Marketplace,Riyadh,Saudi Arabia
Mawidy,https://mawidy.com/en/,,Seed,Healthcare,Marketplace,Riyadh,Saudi Arabia
1pass,https://1pass.app/#home,,Seed,Sports,"SaaS,Subscription",Makkah,Saudi Arabia
Abqary,https://abqary-academy.com,,Seed,Education,E-Learning,Riyadh,Saudi Arabia
Airbius,https://arabius.com,,Seed,Education,E-Learning,Riyadh,Saudi Arabia
Ajdur,https://ajdur.com/sa,,Seed,Education,E-Learning,Riyadh,Saudi Arabia
Alkhattat,https://www.alkhattat.net,,Seed,Education,E-Learning,Riyadh,Saudi Arabia
Almosafer,https://www.almosafer.com/ar,,Private Equity,Travel & Tourism,Marketplace,Riyadh,Saudi Arabia
Aqssar,https://www.aqssar.com,,Seed,Education,Streaming,Riyadh,Saudi Arabia
As3a,https://as3a.com,,Seed,HR & Recruitments,Marketplace,Makkah,Saudi Arabia
Avokado,https://avokado.sa,,Seed,"Food & Beverages ",E-Commerce,Riyadh,Saudi Arabia
B8ak,https://www.b8ak.com,,Seed,"Professional Service ",Marketplace,Eastern,Saudi Arabia
Bonat,https://www.bonat.io,,Seed,"Technology ","Loyalty ",Riyadh,Saudi Arabia
Dafater,https://dafater.sa,,Pre-Series A,"Technology ","SaaS,ERP",Riyadh,Saudi Arabia
Direct,https://directksa.com/ar/,,Seed,Travel & Tourism,E-Commerce,Riyadh,Saudi Arabia
Elham,https://www.elham.sa,,Seed,Education,"SaaS,E-Learning",Riyadh,Saudi Arabia
ِEstbyani,https://estbyani.com,,Seed,"Technology ",SaaS,Riyadh,Saudi Arabia
Ezhalha,https://ezhalha.com.sa/services,,Seed,Transportation & Automotive,"E-Commerce,Marketplace",Riyadh,Saudi Arabia
Faheem,https://www.faheemapp.com,,Seed,Education,Marketplace,Riyadh,Saudi Arabia
Falconviz,https://www.falconviz.com,,Seed,"Technology ",Hardware & loT & Drones,Makkah,Saudi Arabia
Flyin,https://www.flyin.com,,Series A,Travel & Tourism,"E-Commerce,Marketplace",Riyadh,Saudi Arabia
GAGA,https://gaga-app.com/,,Seed,Education,"E-Learning,Marketplace",Eastern,Saudi Arabia
Geeks Valley,https://geeksvalley.com,,Seed,"Electronics ",E-Commerce,Makkah,Saudi Arabia
Geidea,https://www.geidea.net/,,Private Equity,Financial Services,"ePOS,Payment Gateway,Financial Solution",Riyadh,Saudi Arabia
Haboob,https://haboob.sa,,Seed,"Technology ","Cyber Security ",Riyadh,Saudi Arabia
HalaYalla,https://halayalla.com/sa-en,,Seed,"Travel & Tourism,Technology ","E-Commerce,Marketplace",Riyadh,Saudi Arabia
Haraj,https://haraj.com.sa,true,Private Equity,"Social,Technology ","Advertisement,Social Commerce ",Riyadh,Saudi Arabia
Haseel,https://haseelapp.com,,Series A,"Food & Beverages ","Marketplace,E-Commerce",Riyadh,Saudi Arabia
Hudhud,https://www.hudhud.ai,,Seed,"Technology ",AI & Machine Learning,Riyadh,Saudi Arabia
Hungerstation,https://hungerstation.com/sa-ar,,Private Equity,"Food & Beverages ","Marketplace,Last Mile Delivery,E-Commerce",Riyadh,Saudi Arabia
Iajeer,https://www.iajeer.com,,Seed,"Professional Service ",Marketplace,Riyadh,Saudi Arabia
idrive,https://idrive-ksa.com,,Seed,Transportation & Automotive,"E-Commerce,Subscription",Riyadh,Saudi Arabia
Istoria,https://istoria.app/en/,true,Seed,Education,E-Learning,Riyadh,Saudi Arabia
Jareed,https://www.jareed.net,,Seed,Media,Advertisement,Makkah,Saudi Arabia
Lugmety,https://lugmety.com,,Pre-Series A,"Food & Beverages ","E-Commerce,Marketplace,Last Mile Delivery",Makkah,Saudi Arabia
Maharah,https://maharah.co,,Seed,"Professional Service ",Marketplace,Makkah,Saudi Arabia
Marn,https://marn.io,,Seed,HR & Recruitments,Marketplace,Riyadh,Saudi Arabia
Mntrni,https://get.mntrni.com,,Seed,"Consulting,Professional Service ",Marketplace,Makkah,Saudi Arabia
Munjz,https://munjz.com,true,Series A,"Real Estate,Professional Service ","SaaS,Marketplace",Riyadh,Saudi Arabia
Namthaja,https://namthaja.com,,Seed,"Manufacturing ",3D Printing,Eastern,Saudi Arabia
Passioneurs,https://www.passioneurs.net/ar,,Seed,"Professional Service ,Art & Design",Marketplace,Makkah,Saudi Arabia
Print.sa,https://www.print.sa,,Seed,Art & Design,E-Commerce,Makkah,Saudi Arabia
Qdrat,https://qdrat.com,,Seed,Education,E-Learning,Riyadh,Saudi Arabia
Qewam,https://www.qewam.com,,Seed,"Technology ",SaaS,Makkah,Saudi Arabia
Rain,https://www.rain.com,,Series B,Financial Services,Cryptocurrencies & NFTs,Eastern,Saudi Arabia
Rawaq,https://www.rwaq.org,,Seed,Education,E-Learning,Riyadh,Saudi Arabia
Ri7laty,https://www.ri7laty.com,,Seed,"Education,Travel & Tourism","E-Commerce,Marketplace",Riyadh,Saudi Arabia
Sadeem,https://sadeemwss.com,,Seed,"Technology ",Hardware & loT & Drones,Makkah,Saudi Arabia
Saee,https://saee.sa,,Seed,"Logistics ",Last Mile Delivery,Makkah,Saudi Arabia
Sajil,https://www.sajil.org,,Seed,"Technology ",APP Dev & PaaS,Riyadh,Saudi Arabia
Sanar,https://www.sanar.sa,true,Seed,Healthcare,"Telehealth ",Riyadh,Saudi Arabia
Sawerly,http://sawerly.com,,Seed,"Professional Service ",Marketplace,Makkah,Saudi Arabia
Scalers,https://www.withscalers.com,,Seed,HR & Recruitments,Marketplace,Eastern,Saudi Arabia
Speero,https://speero.net,,Seed,Transportation & Automotive,Marketplace,Riyadh,Saudi Arabia
Tabib Group,https://tabibgroup.net,,Seed,Healthcare,Marketplace,Riyadh,Saudi Arabia
Telfaz11,https://telfaz11.com,true,Series A,Media Production,Media Production & Distribution,Riyadh,Saudi Arabia
Testahel,https://testahel.sa,,Seed,Education,Subscription,Riyadh,Saudi Arabia
Thobi,https://thobi.sa,,Seed,Fashion,E-Commerce,Riyadh,Saudi Arabia
Uturn,https://uturn.me,true,Series B,Media Production,Media Production & Distribution,Makkah,Saudi Arabia
Warshaplus,https://warshaplus.com/home,,Seed,Transportation & Automotive,E-Commerce,Makkah,Saudi Arabia
Wateen App,https://wateenapp.org,,Seed,Healthcare,Marketplace,Riyadh,Saudi Arabia
Ynmodata,https://ynmodata.com/en/,,Seed,Education,SaaS,Makkah,Saudi Arabia
YouPositive,https://youpositive.co/ar/,,Pre-Seed,Wellness & Mental Health,Marketplace,Riyadh,Saudi Arabia
Blomal,https://blomal.sa/,,Pre-Seed,Financial Services,"Fund Distribution ",Makkah,Saudi Arabia
Nuzul,https://www.nuzul.com/,,Seed,Real Estate,SaaS,Riyadh,Saudi Arabia
Livsho,https://www.linkedin.com/company/livsho/,,Seed,"Consumer Service ,Retail","Social Commerce ",Makkah,Saudi Arabia
Ojrah App,https://ojrahapp.com/,,Seed,Transportation & Automotive,"SaaS,Hardware & loT & Drones",Makkah,Saudi Arabia
GlassHub,https://glasshub.ai/,,Seed,"Technology ","SaaS,RegTech",Riyadh,Saudi Arabia
Cipher,https://www.cipher.com.sa/,true,Private Equity,"Technology ","Cyber Security ",Riyadh,Saudi Arabia
SalesFine,https://salesfine.co/,,Pre-Series A,Financial Services,B2B Financing,Riyadh,Saudi Arabia
Lockers,https://lockers.sa/,,Pre-Seed,"Logistics ",E-Commerce,Riyadh,Saudi Arabia
Behja,https://www.behja.co/ar,,Seed,Real Estate,BNPL,Riyadh,Saudi Arabia
Rent Kara,https://rentkara.com/,,Seed,"Electronics ",Subscription,Riyadh,Saudi Arabia
Reporty,https://www.swc-dent.com/main/,,Seed,Healthcare,SaaS,Riyadh,Saudi Arabia
Ocean Revive,https://ocean-revive.com/,,Seed,Environment,"AgriTech,Subscription",Makkah,Saudi Arabia
UpLevel,https://uplevel.sa/en/,,Seed,Education,Marketplace,Riyadh,Saudi Arabia
WorkHint,https://www.workhint.com/,,Seed,HR & Recruitments,SaaS,Riyadh,Saudi Arabia
CyberSenshi,https://www.cybersenshi.com/,,Seed,"Technology ","Cyber Security ",Riyadh,Saudi Arabia
BuildHop,https://www.buildhop.com/,,Seed,Construction,Marketplace,Riyadh,Saudi Arabia
Suhail,https://suhail.ai/,,Seed,Real Estate,"AI & Machine Learning,Subscription",Riyadh,Saudi Arabia
Rize,https://rize.sa/,,Series A,Real Estate,BNPL,Riyadh,Saudi Arabia
Mabaat,https://www.mabaat.com,,Pre-Series A,Real Estate,Marketplace,Riyadh,Saudi Arabia
Deal App,https://dealapp.sa/,,Pre-Series A,Real Estate,Marketplace,Riyadh,Saudi Arabia
Ayen,https://ayen.com.sa/,,Seed,Real Estate,Marketplace,Riyadh,Saudi Arabia
Darent,https://darent.com/en,,Pre-Series A,Real Estate,Marketplace,Riyadh,Saudi Arabia
Aseel,https://investaseel.sa/,,Pre-Series A,"Financial Services,Real Estate",Crowdfunding,Riyadh,Saudi Arabia
Nabeeh,https://www.nabeehapp.com/,,Seed,Real Estate,SaaS,Riyadh,Saudi Arabia
Foz,https://foz.sa/,,Seed,Gifting,Marketplace,Riyadh,Saudi Arabia
Hero,https://www.tryhero.io/,,Seed,Transportation & Automotive,Marketplace,Riyadh,Saudi Arabia
Lahint,https://lahint.sa/ar,,Pre-Seed,"Technology ",AI & Machine Learning,Riyadh,Saudi Arabia
Barakah,https://www.barakah.app/,,Seed,"Food & Beverages ,Environment",Marketplace,Makkah,Saudi Arabia
Iyris,https://iyris.com/,,Series A,Environment,AgriTech,Makkah,Saudi Arabia
Saher Flow Solutions,https://saherflow.com/,,Seed,"Oil, Gas, and Energy",Hardware & loT & Drones,Makkah,Saudi Arabia
Elevatus,https://www.elevatus.io/,,Seed,HR & Recruitments,SaaS,Riyadh,Saudi Arabia
Brkz,https://brkz.com/,,Seed,Construction,Marketplace,Riyadh,Saudi Arabia
Lisan,https://www.lisan.com/,,Pre-Series A,"Technology ",AI & Machine Learning,Riyadh,Saudi Arabia
LogesTechs,https://logestechs.com/,,Seed,"Logistics ",SaaS,Riyadh,Saudi Arabia
Hazen,https://www.hazen.ai/,,Seed,"Technology ,Transportation & Automotive",SaaS,Makkah,Saudi Arabia
Bynh,https://bynh.sa/,,Seed,Legal,Marketplace,Riyadh,Saudi Arabia
Ameen,https://www.ameen.care/,,Seed,Healthcare,Marketplace,Riyadh,Saudi Arabia
Uvera,https://www.uvera.co/,,Seed,"Food & Beverages ","AgriTech,BioTech",Makkah,Saudi Arabia
Naseej,https://naseej.market/en/,,Seed,Retail,"Marketplace,E-Commerce",Makkah,Saudi Arabia
Tmyyoz,https://tmyyoz.com.sa/,,Seed,Education,E-Learning,Makkah,Saudi Arabia
Ballurh,https://ballurh.io/en/,,Seed,"Food & Beverages ","SaaS,AI & Machine Learning",Makkah,Saudi Arabia
Truc-King,https://www.truc-king.com/,,Seed,Transportation & Automotive,Marketplace,Riyadh,Saudi Arabia
Eventful,https://www.eventful.sa/,,Seed,Entertainment,Marketplace,Riyadh,Saudi Arabia
Bonokey,https://www.bonokey.com/en,,Seed,Financial Services,Aggregator,Riyadh,Saudi Arabia
Gasable,https://www.gasable.com/,,Seed,"Oil, Gas, and Energy","AI & Machine Learning,Hardware & loT & Drones",Riyadh,Saudi Arabia
Aqarsas,https://aqarsas.sa/,,Seed,Real Estate,Subscription,Riyadh,Saudi Arabia
Awaed,https://awaed.capital/,,Series A,Financial Services,"Trading ,Fund Distribution ",Riyadh,Saudi Arabia
Rehan,https://rehan.com.sa/,,Seed,Financial Services,"Fund Distribution ",Riyadh,Saudi Arabia
Makassb,https://makassb.co/,,Seed,Financial Services,"Fund Distribution ",Riyadh,Saudi Arabia
Wafer,https://waferinvest.sa/Ui/Landing,,Seed,Financial Services,"Fund Distribution ",Riyadh,Saudi Arabia
Bwatech,https://bwatech.sa/,,Seed,Financial Services,Fintech Infrastructure,Riyadh,Saudi Arabia
Dinar,https://www.dinar.sa/,,Seed,Financial Services,SME-Funding,Riyadh,Saudi Arabia
Sukuk,https://sukuk.sa/,,Pre-Series A,Financial Services,B2B Financing,Riyadh,Saudi Arabia
Fanni,https://fanni.sa/en/index.html,,Seed,"Professional Service ",Marketplace,Riyadh,Saudi Arabia
Ajras,https://ajras.com/,,Seed,Real Estate,BNPL,Riyadh,Saudi Arabia
Eddekhar,https://eddekhar.com/,,Pre-Seed,"Financial Services,Technology ","Aggregator,Financial Solution,Robo-Advisory ",Riyadh,Saudi Arabia
SDM,https://sdm.sa/,,Pre-Seed,"Healthcare,Technology ","AI & Machine Learning,Computer Vision",Riyadh,Saudi Arabia
Rintel,https://www.rintel.co/,,Pre-Seed,"Retail,Food & Beverages ","SaaS,AI & Machine Learning",Riyadh,Saudi Arabia
Livedin,www.livedin.co,,Seed,"Real Estate,Technology ","SaaS,Hospitality",Riyadh,Saudi Arabia
Aman Vision,https://amanvision.ai/,,Seed,"Technology ,Construction,Manufacturing ","AI & Machine Learning,Computer Vision,SmartCity/Home,SaaS,Industry 4.0,Manufacturing ,Hardware & loT & Drones",Riyadh,Saudi Arabia
Squadio,www.squadio.com,,Pre-Series A,"HR & Recruitments,Consulting,Professional Service ","HR & Recruitment ",Riyadh,Saudi Arabia
KwikSign,Www.kwiktrust.com,,Seed,"Technology ,Financial Services,Real Estate,Legal","Financial Solution,Fintech Infrastructure,Blockchain Solution ",Riyadh,Saudi Arabia
Declic,https://declic.net/,,Seed,"Social,Entertainment","Payment Gateway,AI & Machine Learning,Social Media,Advertisement",Riyadh,Saudi Arabia
Carly - كارلي,https://www.halacarly.com,,Seed,Transportation & Automotive,"E-Commerce,Financial Solution",Riyadh,Saudi Arabia
Camelab ai,Camelab.co,,Pre-Seed,Media Production,Advertisement,Riyadh,Saudi Arabia
Levers,www.uselevers.com,,Seed,Financial Services,"AI & Machine Learning,B2B Financing,Financial Solution,SaaS,BNPL",Riyadh,Saudi Arabia
WAQ3Y,https://waq3y.sa/,,Pre-Seed,"Technology ","Web3& Metaverse ",Riyadh,Saudi Arabia
RevYou,Building the MVP,,Pre-Seed,Retail,Advertisement,Makkah,Saudi Arabia
Datadroves,https://datadroves.com,,Pre-Seed,"Technology ",AI & Machine Learning,Makkah,Saudi Arabia
STRABL,https://strabl.io,,Seed,Financial Services,,Riyadh,Saudi Arabia
Son Sayartic,https://sayenha.com/,,Pre-Seed,"Transportation & Automotive,Logistics ","CRM,Aggregator,Logistics",Riyadh,Saudi Arabia
Zaher,Wwww.zaher.io,,Seed,"Retail,Technology ","E-Commerce,Marketplace",Riyadh,Saudi Arabia
Watzen,Watzen.ai,,Seed,"Entertainment,Technology ","AI & Machine Learning,Advertisement,Media Production & Distribution",Riyadh,Saudi Arabia
Qurudi,https://www.qurudi.com.sa/,,Pre-Seed,Financial Services,Financial Solution,Makkah,Saudi Arabia
Amwal Tech,amwal.tech,,Seed,Financial Services,"BNPL,E-Commerce,Fintech Infrastructure,Payment Gateway",Riyadh,Saudi Arabia
PIESHIP,www.pieship.com,,Seed,"Logistics ","Logistics,AI & Machine Learning,E-Commerce",Riyadh,Saudi Arabia
Bas10,Bas-10.com,,Pre-Seed,"Consulting,Education","Marketplace,SaaS,Subscription",Riyadh,Saudi Arabia
Edama,https://www.edamasolutions.com/,,Seed,Environment,Hardware & loT & Drones,Makkah,Saudi Arabia
Yourparts,www.yourparts.com,,Seed,"Transportation & Automotive,Distribution,Financial Services","Car Solution ,BNPL,E-Commerce,Maintenance Service ,Fleet Mangement ,Marketplace,SaaS,B2B Financing,Wholesale,Transport & Micro Mobility",Riyadh,Saudi Arabia
AmplifAI,https://www.amplifaihealth.com/,,Seed,Healthcare,AI & Machine Learning,Riyadh,Saudi Arabia
Bites,https://studybites.ai,,Pre-Series A,Education,AI & Machine Learning,Riyadh,Saudi Arabia
Beems,www.beems.io,,Pre-Seed,"Technology ","Blockchain Solution ,Consumer Services,SaaS",Riyadh,United Arab Emirates
Thriftplan,www.thriftplan.sa,,Pre-Series A,"Technology ","HR & Recruitment ,Financial Solution,Robo-Advisory ",Riyadh,Saudi Arabia
Doos,www.doo.sa,,Seed,"Food & Beverages ,Gifting,Personal Care & Beauty ,Retail","E-Commerce,Gifting ",Makkah,Saudi Arabia
Grooshy,www.grooshy.com,,Seed,Financial Services,"Financial Solution,Expense Mangement",Riyadh,Saudi Arabia
Eyepoke Entertainment,Eyepoke.co,,Pre-Seed,"Entertainment,Gaming,Technology ,Media Production,Media,Toys & Games","AI & Machine Learning,Media Production & Distribution,Game Dev",Makkah,Saudi Arabia
Uppermost,https://uppermostsa.com/,,Pre-Seed,"Real Estate,Financial Services","SaaS,RegTech,Financial Solution",Riyadh,Saudi Arabia
Athek,Www.ATHEK.Com,,Seed,"Technology ",IT Solutions Services,Riyadh,Saudi Arabia
Seyaha,www.seyaha.net,,Seed,Travel & Tourism,SaaS,Riyadh,Saudi Arabia
Techrar,https://techrar.com/,,Pre-Series A,"Food & Beverages ","Subscription,SaaS",Makkah,Saudi Arabia
Popsy,https://www.popsy.sa/,,Pre-Series A,"Consumer Service ,Electronics ,Retail","Marketplace,Consumer Services",Riyadh,Saudi Arabia
Resal,Www.resal.me,,Pre-Series B,"Technology ,Financial Services",,Makkah,Saudi Arabia
Builtop,www.builtop.com,,Seed,"Real Estate,Construction,Technology ",Marketplace,Riyadh,Saudi Arabia
sayan,sayan.pro,,Pre-Seed,"Education,Electronics ","Affiliate Marketing,E-Commerce,E-Learning",Madinah,Saudi Arabia
Matjrah,https://matjrah.com,,Seed,"Technology ",SaaS,Makkah,Saudi Arabia
SCOVR,www.scovr.com,,Seed,"Travel & Tourism,Healthcare,Sports,Communication,Gaming,Social,Entertainment","SmartCity/Home,Social Commerce ",Riyadh,Saudi Arabia
Blend Comapny,Tryblend.net,,Seed,"Technology ,Food & Beverages ","Cloud Solution ,Fleet Mangement ,SaaS",Riyadh,Saudi Arabia
Hysabat Solutions,hysabat.com,,Pre-Seed,"Technology ","SaaS,Cloud Solution ,ePOS,Financial Solution,Last Mile Delivery,HR & Recruitment ,ERP",Riyadh,Saudi Arabia
Kitchout,Kitchout.co,,Seed,"Food & Beverages ",Cloud Kitchen,Riyadh,Saudi Arabia
Occasion,Www.occaionsa.com,,Pre-Seed,"Entertainment,Gifting,Food & Beverages ",APP Dev & PaaS,Riyadh,Saudi Arabia
Pnode Auditing |  بنود للتدقيق,www.pnode.co,,Pre-Seed,"Financial Services,Consulting,Professional Service ,Legal","Blockchain Solution ,Fintech Infrastructure,AI & Machine Learning,Cloud Solution ,Marketplace,SaaS,Financial Solution",Riyadh,Saudi Arabia
Nokhbah,app.nokhbah.academy,,Pre-Seed,"Technology ,Education","AI & Machine Learning,Marketplace,SaaS,E-Learning",Eastern,Saudi Arabia
منصة نماذج,www.nmathj.com,,Pre-Seed,"Technology ","AI & Machine Learning,Cloud Solution ,SaaS",Riyadh,Saudi Arabia
Daysum,https://daysum.net/,,Pre-Seed,"Technology ","Cloud Solution ,SaaS,ERP",Eastern,Saudi Arabia
Sunnah Reality,https://salla.sa/sunnaasar,,Seed,Art & Design,"3D Printing,Trading ",Makkah,Saudi Arabia
COGNNA,https://cognna.com,,Seed,"Technology ","Cyber Security ,AI & Machine Learning",Riyadh,Saudi Arabia
Talento | تالنتو,www.talento-hr.com,,Pre-Seed,"Technology ,HR & Recruitments","SaaS,Cloud Solution ,ERP",Riyadh,Saudi Arabia
Quantum,https://quantums.com.sa/,,Pre-Series A,"Technology ","SaaS,Advertisement",Makkah,Saudi Arabia
FlyNow Arabia Ltd,www.flynow-aviation.com,,Pre-Series B,"Manufacturing ,Transportation & Automotive,Logistics ,Travel & Tourism","Hardware & loT & Drones,Autonomous Driving ,Last Mile Delivery,Robotics ,Manufacturing ,Logistics,Transport & Micro Mobility",Riyadh,Saudi Arabia
MAXtasx,Www.masters.com,,Pre-Seed,"Logistics ,Transportation & Automotive,Construction",Logistics,Riyadh,Saudi Arabia
Maqsam,http://maqsam.com,,Pre-Series A,"Technology ,Communication,Telecommunication","AI & Machine Learning,Cloud Solution ,SaaS,X-as-a-service model ",Riyadh,Saudi Arabia
AZEEMA,azeema.sa,,Seed,"Food & Beverages ","Hospitality,Marketplace",Riyadh,Saudi Arabia
Tahdir,https://tahdir.sa/,,Seed,"Technology ,Education",SaaS,Eastern,Saudi Arabia
Awfar,Https://awfar.com,,Pre-Series A,"Technology ,Telecommunication","AI & Machine Learning,CRM,IT Solutions Services,SaaS",Riyadh,Saudi Arabia
Sahl,www.getsahl.io,,Seed,"Technology ","Cyber Security ,RegTech,SaaS,AI & Machine Learning",Riyadh,Saudi Arabia
BasicsEngage,www.basicsengage.com,,Seed,"Communication,Technology ",SaaS,Riyadh,Saudi Arabia
SportLOOP,https://www.linkedin.com/in/sultan-alzohofi-6525b299?utm_source=share&utm_campaign=share_via&utm_content=profile&utm_medium=ios_app,,Pre-Seed,"Sports,Technology ,Travel & Tourism",eSports Platform,Riyadh,Saudi Arabia
VMinds AI,https://vminds.ai/,,Seed,"Technology ",AI & Machine Learning,Riyadh,Saudi Arabia
Baseer,Baseer.me,,Pre-Seed,"Education,HR & Recruitments,Technology ","E-Learning,Marketplace",Riyadh,Saudi Arabia
TaskersHub,Www.taskers-hub.com,,Seed,"HR & Recruitments,Financial Services,Art & Design,Consulting,Consumer Service ,Professional Service ","B2B Financing,APP Dev & PaaS",Riyadh,Saudi Arabia
Priv0,priv0.com,,Seed,"Technology ,Consulting","Cyber Security ",Riyadh,Saudi Arabia
Bynow,www.bynow.ai,,Seed,Financial Services,"Financial Solution,B2B Financing,BNPL,AI & Machine Learning",Riyadh,Saudi Arabia
استديو اكس,https://x.com/xstudio987,,Pre-Seed,"Gaming,Technology ,Entertainment","AI & Machine Learning,Game Dev",Riyadh,Saudi Arabia
Zerofunnel,Www.zerofunnel.com,,Pre-Seed,"Technology ","CRM,SaaS,Social Commerce ,Social Media",Makkah,Saudi Arabia
Salesfine,Www.salesfine.co,,Pre-Series A,Financial Services,B2B Financing,Riyadh,Saudi Arabia
Aid AI,https://aid.sa/,,Pre-Seed,"Technology ",AI & Machine Learning,Riyadh,Saudi Arabia
ChawR Platform,TryChawR.com,,Seed,"Legal,HR & Recruitments,Consulting","AI & Machine Learning,HR & Recruitment ,SaaS",Riyadh,Saudi Arabia
ADresApp,https://www.instagram.com/adresapp/,,Seed,"Technology ,Social,Consumer Service ","SaaS,Social Media,Marketplace",Jazan,Saudi Arabia
Wave wave,https://wave6wave.com/#,,Seed,"Travel & Tourism,Technology ","E-Commerce,Subscription,Hospitality",Makkah,Saudi Arabia
Balluru,https://ballurh.io/en/,,Seed,"Food & Beverages ,HORECA,Retail","AI & Machine Learning,SaaS,Advertisement",Riyadh,Saudi Arabia
iroom,iroom.ai,,Pre-Seed,Travel & Tourism,"Cloud Solution ",Makkah,Saudi Arabia
Lamha | لمحة,www.getlamha.com,,Seed,Financial Services,Financial Solution,Makkah,Saudi Arabia
Swarm robotics,Swarmrobotics.io,,Seed,"Robotics ,Technology ,Hardware","Autonomous Driving ,Hardware & loT & Drones,Manufacturing ,Robotics ,X-as-a-service model ",Riyadh,Saudi Arabia
welcome app,welcome.sa,,Seed,"Transportation & Automotive,Logistics ","Last Mile Delivery,Transport & Micro Mobility,ClimateTech",Riyadh,Saudi Arabia
Go Steer,https://gosteer.sa/,,Seed,"Technology ,Transportation & Automotive,Travel & Tourism","Car Solution ,Marketplace,Aggregator,SaaS",Riyadh,Saudi Arabia
SIDEUP,www.sideup.co,,Pre-Series A,"Logistics ",SaaS,Riyadh,Saudi Arabia
Slangit Technologies,www.slangit.ai,,Pre-Seed,"Education,Technology ,Real Estate,Healthcare,Travel & Tourism,Communication,Consumer Service ,HR & Recruitments,Legal,Insurance ,Manufacturing ,Oil, Gas, and Energy,Professional Service ,Telecommunication,Construction,Retail","AI & Machine Learning,X-as-a-service model ,E-Learning,SaaS",Riyadh,Saudi Arabia
Patlah Shop,https://patrah.com/,,Seed,"Fashion,Personal Care & Beauty ,Healthcare","Drop-Shipping ,E-Commerce",Makkah,Saudi Arabia
AQUIVIO Arabia LLC,https://www.aquivio.com,,Seed,"Technology ","SmartCity/Home,ClimateTech,Hardware & loT & Drones,Hospitality",Riyadh,Saudi Arabia
Sawa Ride,www.sawaride.app,,Pre-Seed,Transportation & Automotive,Marketplace,Riyadh,Saudi Arabia
Trivers,www.trivers.me,,Seed,"Technology ,HR & Recruitments","HR & Recruitment ,SaaS",Riyadh,Saudi Arabia
AILA,aila.sa,,Seed,Education,"AI & Machine Learning,SaaS",Riyadh,Saudi Arabia
TripVlog ltd,www.tripvlog.com,,Pre-Seed,Travel & Tourism,"AI & Machine Learning,Affiliate Marketing,ClimateTech,E-Commerce,Hospitality",Riyadh,Saudi Arabia
Snbla,https://snbla.com,,Pre-Seed,Financial Services,Financial Solution,Riyadh,Saudi Arabia
FataFeat Pay,https://fata.me/,,Pre-Seed,"Financial Services,Technology ","Financial Solution,SaaS",Riyadh,Saudi Arabia
Qubit,https://www.qubit.sa,,Pre-Seed,"Technology ,Retail","AI & Machine Learning,E-Commerce,X-as-a-service model ",Riyadh,Saudi Arabia
Mithu,https://mithu.com,,Pre-Seed,"Financial Services,Food & Beverages ,Retail","AI & Machine Learning,Loyalty ,Cashback,Marketplace,Social Commerce ,Hospitality",Riyadh,Saudi Arabia
Film There,Www.filmthere.com,,Seed,Media Production,Marketplace,Riyadh,Saudi Arabia
عطور دير بيوتي,https://perfumedeer.com,,Seed,Fashion,E-Commerce,Riyadh,Saudi Arabia
Spltrr,https://www.spltrr.com,,Pre-Seed,"Financial Services,Technology ",Financial Solution,Riyadh,Saudi Arabia
netzero,netzero.sa,,Seed,"Technology ,Environment","AI & Machine Learning,APP Dev & PaaS,ClimateTech",Eastern,Saudi Arabia
MoneyLoop | موني لوب,www.moneyloop.sa,,Pre-Series A,Financial Services,Financial Solution,Riyadh,Saudi Arabia
GuestNa App,www.guestna.app,,Pre-Seed,"Technology ,Travel & Tourism","Marketplace,Aggregator",Riyadh,Saudi Arabia
Qalam,https://qalamapp.com/,,Seed,Social,Social Media,Riyadh,Saudi Arabia
Jisr.care,https://jisr.appstick.com.bd/,,Seed,"Healthcare,Technology ","IT Solutions Services,Telehealth ,APP Dev & PaaS,Social Commerce ",Riyadh,Saudi Arabia
Hanna Health,https://www.hanna.health/,,Seed,"Healthcare,Technology ,Wellness & Mental Health","AI & Machine Learning,Hardware & loT & Drones,Telehealth ",Makkah,Saudi Arabia
Spare,www.tryspare.com,,Pre-Series A,Financial Services,Fintech Infrastructure,Riyadh,Saudi Arabia
Carology,www.carology.ai,,Seed,"Financial Services,Transportation & Automotive,Technology ","Car Solution ,Consumer Services,SaaS,Marketplace",Riyadh,Saudi Arabia
eCemX AI,https://ecemx.com/,,Pre-Seed,"Technology ,Real Estate,Construction","AI & Machine Learning,SaaS,Subscription",Riyadh,Saudi Arabia
Azzam,https://azzam.sa,,Seed,"Technology ",SaaS,Asir,Saudi Arabia
Trell,www.trellapps.com,,Seed,"Financial Services,Logistics ","Financial Solution,B2B Financing,Logistics",Riyadh,Saudi Arabia
Dunes Aero,dunesaero.com,,Seed,"Technology ,Transportation & Automotive","Autonomous Driving ,Robotics ,SaaS,Industry 4.0",Riyadh,Saudi Arabia
Nafes AI,https://nafes.ai,,Seed,"Technology ",AI & Machine Learning,Riyadh,Saudi Arabia
Intella,www.intella.me,,Pre-Series A,"Technology ",AI & Machine Learning,Riyadh,Saudi Arabia
WAKI,https://waki.sa,,Seed,"Financial Services,Technology ,Education","ePOS,Financial Solution,Fintech Infrastructure",Makkah,Saudi Arabia
Traderware,https://traderverse.io/,,Seed,"Education,Financial Services,Technology ,Gaming","Social Media,AI & Machine Learning,Blockchain Solution ,Cryptocurrencies & NFTs,SaaS,Financial Solution",Riyadh,Saudi Arabia
Codek,codek.sa,,Pre-Seed,"Technology ",AI & Machine Learning,Riyadh,Saudi Arabia
Marafiq Company,Www.trymarafiq.com,,Seed,Consulting,SaaS,Riyadh,Saudi Arabia
Sniper,Sniper.com.sa,,Seed,"Financial Services,Healthcare,Food & Beverages ,Entertainment,Consulting","BioTech,Brokerage,Crowdfunding,E-Commerce,Logistics",Riyadh,Saudi Arabia
NABD solutions,https://nabdsolutions.com,,Pre-Seed,"Technology ,Consulting,Distribution","Cyber Security ,AI & Machine Learning,Maintenance Service ,Fintech Infrastructure",Riyadh,Saudi Arabia
Rab7,Rab7.com,,Seed,"Gaming,Technology ",Game Dev,Riyadh,Saudi Arabia
moneymoon,moneymoon.sa,,Pre-Series A,Financial Services,Financial Solution,Riyadh,Saudi Arabia
OfinTech,ofintech.co,,Pre-Seed,"Financial Services,Technology ","Fintech Infrastructure,Financial Solution",Riyadh,Saudi Arabia
راوية Rawiah,https://rawiah.com/,,Seed,Education,E-Learning,Riyadh,Saudi Arabia
LDUN,https://ldun.com.sa,,Seed,Financial Services,"Financial Solution,B2B Financing,SME-Funding,BNPL",Riyadh,Saudi Arabia
UmrahCash,UmrahCash.com,,Seed,"Financial Services,Technology ","Financial Solution,Fintech Infrastructure,Fund Distribution ,Payment Gateway",Makkah,Saudi Arabia
Medical Cloud,www.alsahaba.sa,,Seed,Healthcare,"Telehealth ",Riyadh,Saudi Arabia
The first day,https://thefirstday.shop,,Pre-Seed,"Real Estate,Manufacturing ,Construction","Drop-Shipping ,E-Commerce,Marketplace",Eastern,Saudi Arabia
مبيت,https://mabet.com.sa,,Seed,Travel & Tourism,,Makkah,Saudi Arabia
Truc-King,www.truc-king.com,,Seed,"Transportation & Automotive,Technology ,Logistics ","Aggregator,AI & Machine Learning,Autonomous Driving ,Brokerage,B2B Financing,Expense Mangement,Fleet Mangement ,Logistics,Marketplace,Transport & Micro Mobility",Riyadh,Saudi Arabia
Aiia.io,Aiia.io,,Seed,"Technology ",ERP,Riyadh,Saudi Arabia
DHAMEEN,http://dhameen.sa/,,Pre-Seed,Financial Services,Fintech Infrastructure,Asir,Saudi Arabia
NMI Skyspace,https://www.linkedin.com/in/nicole-mauthe-47b1677a?utm_source=share&utm_campaign=share_via&utm_content=profile&utm_medium=ios_app,,Seed,"Technology ,Logistics ,Education,Robotics ,Healthcare,Manufacturing ","3D Printing,AI & Machine Learning,Autonomous Driving ,ClimateTech,Logistics,Robotics ,Manufacturing ",Riyadh,Saudi Arabia
NASAQ,https://www.linkedin.com/company/nasaqtravel,,Seed,Travel & Tourism,AI & Machine Learning,Riyadh,Saudi Arabia
LASK - Advanced Composite Materials,https://poly-adhesive.my.canva.site/lask,,Seed,"Manufacturing ,Technology ",Hardware & loT & Drones,Riyadh,Saudi Arabia
Growthin,Growth-in.net,,Pre-Seed,"Technology ,Media,Communication,Media Production",Advertisement,Makkah,Saudi Arabia
TechieMatter,Www.TechieMatter.com,,Seed,"HR & Recruitments,Professional Service ,Technology ","HR & Recruitment ,SaaS",Riyadh,Saudi Arabia
OpenTech,https://opentech.sa/,,Seed,"Technology ,Consulting","3D Printing,AI & Machine Learning,Hardware & loT & Drones,AgriTech,Computer Vision,Blockchain Solution ,SaaS",Riyadh,Saudi Arabia
HiGem,higem.me,,Pre-Seed,Travel & Tourism,"AI & Machine Learning,Marketplace,Aggregator",Makkah,Saudi Arabia
Green Life Company,www.greenlife.sa.com,,Series A,"Technology ","E-Commerce,Social Media,AgriTech",Riyadh,Saudi Arabia
gulf-el,gulf-el.com,,Seed,"Technology ,Transportation & Automotive","AI & Machine Learning,Autonomous Driving ,SaaS,X-as-a-service model ,Transport & Micro Mobility",Riyadh,Saudi Arabia
Smart Codes IT,https://www.linkedin.com/company/smart-code-for-information-technology/,,Seed,"Technology ,Consumer Service ,HR & Recruitments","CRM,Cyber Security ,Cloud Solution ,E-Commerce,Affiliate Marketing",Riyadh,Saudi Arabia
Air To MC2,https://www.mayenterprisesinc.com/,,Pre-Series A,"Technology ,Transportation & Automotive,Environment,Hardware,Renewable Energy","3D Printing,AgriTech,ClimateTech,Hardware & loT & Drones,Manufacturing ,Industry 4.0,Renewable Energy ",Makkah,Saudi Arabia
Unit,https://reu.com.sa/,,Pre-Seed,Real Estate,"E-Commerce,Affiliate Marketing,Blockchain Solution ,Cloud Solution ,Social Commerce ",Makkah,Saudi Arabia
Almutanabi,no link available,,Seed,Financial Services,AI & Machine Learning,Riyadh,Saudi Arabia
Mila Celebrations,https://www.mila.day/,,Seed,Entertainment,"E-Commerce,Marketplace",Riyadh,Saudi Arabia
Oreed,https://oreed.org/ar,,Seed,"Technology ","E-Learning,SaaS,CRM",Riyadh,Saudi Arabia
Virtual Medical Academy,https://medicalacademy.org/,,Seed,Healthcare,"E-Learning,Podcasts / Audiobooks",Madinah,Saudi Arabia
Activide,https://www.acti-vide.com,,Pre-Seed,"Technology ",SaaS,Riyadh,Saudi Arabia
Fitnas,Fitnas.net,,Pre-Seed,"Technology ,Food & Beverages ,Wellness & Mental Health","Marketplace,Logistics",Riyadh,Saudi Arabia
AYEN,https://services.ayen.com.sa/home,,Series A,"Real Estate,Technology ","SaaS,Marketplace,Logistics",Riyadh,Saudi Arabia
CLST,www.clst.com,,Pre-Series A,"Financial Services,Technology ","Cryptocurrencies & NFTs,Fintech Infrastructure,Blockchain Solution ,SaaS,Web3& Metaverse ,B2B Financing",Riyadh,Saudi Arabia
OSJ for Information Technology,https://osj.ai,,Pre-Series A,"Technology ,Financial Services,Education","Financial Solution,Fund Distribution ,AI & Machine Learning,SaaS,E-Learning",Riyadh,Saudi Arabia
Maksb,Maksb.sa,,Pre-Seed,"Technology ",Marketplace,Riyadh,Saudi Arabia
RiFD,www.rifdfinance.com,,Seed,"Financial Services,Technology ","B2B Financing,Financial Solution",Riyadh,Saudi Arabia
Light,Light.sa,,Seed,"Food & Beverages ","ePOS,SaaS,Loyalty ",Riyadh,Saudi Arabia
Qantara,www.qantara.studio,,Pre-Seed,"Art & Design,Insurance ,Travel & Tourism","Brokerage,Fintech Infrastructure,Hospitality,Fund Distribution ,Financial Solution,Gifting ,Social Commerce ,Trading ",Riyadh,Saudi Arabia
Dunes Aero,Dunesaero.com,,Seed,"Technology ","Hardware & loT & Drones,AgriTech,AI & Machine Learning,APP Dev & PaaS,Logistics,Robotics ,SaaS",Makkah,Saudi Arabia
RevYou,https://www.linkedin.com/company/revyou-sa/,,Pre-Seed,"Technology ",Advertisement,Makkah,Saudi Arabia
AI Atlas Inc.,,,Pre-Seed,"Technology ",,Riyadh,Saudi Arabia
Rabaed,www.rabaedapp.com,,Pre-Seed,"Technology ,Construction",SaaS,Riyadh,Saudi Arabia
Uniex App,https://uniex.tech,,Seed,"Education,Technology ","AI & Machine Learning,E-Learning",Riyadh,Saudi Arabia
Beon,Beon.sa,,Pre-Seed,"Technology ","SaaS,Marketplace",Madinah,Saudi Arabia
AISC,https://aisc.sa,,Seed,Construction,"AI & Machine Learning,APP Dev & PaaS,Computer Vision",Riyadh,Saudi Arabia
Sadq,Sadq.sa,,Seed,Legal,"AI & Machine Learning,IT Solutions Services",Riyadh,Saudi Arabia
Maak solutions medical company,https://play.google.com/store/apps/details?id=com.maak.app&hl=ar,,Seed,"Healthcare,Technology ",SaaS,Riyadh,Saudi Arabia
Jaree | جريء,http://jaree.sa,,Pre-Seed,Financial Services,,Riyadh,Saudi Arabia
Cora,Cora.sa,,Pre-Seed,Financial Services,Financial Solution,Riyadh,Saudi Arabia
Clean Basket,https://apps.apple.com/sa/app/clean-basket/id6497484974,,Seed,"Technology ",APP Dev & PaaS,Riyadh,Saudi Arabia
Ananas -Digital nutritional solutions,https://annannas.com/,,Pre-Seed,"Food & Beverages ,Healthcare","AI & Machine Learning,Affiliate Marketing,E-Commerce",Eastern,Saudi Arabia
MENA Cashback,https://www.menacashback.com,,Seed,Financial Services,"Affiliate Marketing,E-Commerce,Financial Solution,Loyalty ",Riyadh,Saudi Arabia
Net Zero Build,https://netzerobuild.ai/,,Seed,"Real Estate,Environment,Construction","SaaS,Subscription,ClimateTech",Riyadh,Saudi Arabia
DiveXcpe,https://DiveXcape.com,,Pre-Seed,"Travel & Tourism,Sports","Consumer Services,E-Commerce,Marketplace,SaaS,Aggregator",Riyadh,Saudi Arabia
COGNNA,https://www.cognna.com/,,Seed,"Technology ,Defence","Cyber Security ",Riyadh,Saudi Arabia
SellersHook,sellershook.com,,Seed,"Technology ","E-Commerce,Marketplace",Riyadh,Saudi Arabia
InteliDexer,intelidexer.com,,Seed,"Technology ,Consumer Service ,Professional Service ","AI & Machine Learning,APP Dev & PaaS,Cloud Solution ,IT Solutions Services,SaaS,Social Media,X-as-a-service model ,Subscription",Eastern,Saudi Arabia
Mata Logistic,https://www.matalogistic.com/,,Seed,"Logistics ,Travel & Tourism","AI & Machine Learning,IT Solutions Services,Aggregator",Riyadh,Saudi Arabia
HTI (HealthTech Innovations Company),21Doctors.com,,Series A,Healthcare,"AI & Machine Learning,Telehealth ",Riyadh,Saudi Arabia
Rasēd,www.rased.ai,,Pre-Seed,"Financial Services,Technology ","Cyber Security ,AI & Machine Learning",Riyadh,Saudi Arabia
Maghsala,www.maghsala.co,,Pre-Seed,"Consumer Service ","Marketplace,Last Mile Delivery",Riyadh,Saudi Arabia
Thya Technology,https://www.thya-technology.com/,,Seed,"Technology ","AI & Machine Learning,AgriTech,BioTech,Computer Vision,SaaS,Marketplace",Makkah,Saudi Arabia
Halsimplify,Halsimplify.com,,Pre-Series A,"Technology ",SaaS,Riyadh,Saudi Arabia
Nqoodlet,Nqoodlet.com,,Series A,Financial Services,Expense Mangement,Riyadh,Saudi Arabia
Digital Move,Digitalmovesa.com,,Seed,Media,Advertisement,Makkah,Saudi Arabia
Misraj Technology,https://misraj.sa/,,Private Equity,"Technology ,Financial Services,Education","IT Solutions Services,AI & Machine Learning,APP Dev & PaaS",Eastern,Saudi Arabia
0Plus,https://misraj.sa/,,Seed,"Technology ",SaaS,Eastern,Saudi Arabia
NovaSync Star,https://misraj.sa/,,Seed,"Technology ",APP Dev & PaaS,Eastern,Saudi Arabia
Misraj,https://misraj.sa/,,Seed,"Technology ",AI & Machine Learning,Eastern,Saudi Arabia
Spiders,Spiders.ai,,Seed,"Technology ",AI & Machine Learning,Makkah,Saudi Arabia
Kashcool,https://kashcool.com.sa/home-ar/about/,,Seed,Education,3D Printing,Riyadh,Saudi Arabia
Waffarha,https://waffarha.com/ar,,Series A,"Technology ",Marketplace,Riyadh,Saudi Arabia
AlamriCapital,MorbehCapital.com,,Pre-Seed,"Financial Services,Technology ",Financial Solution,Makkah,Saudi Arabia
Rology,rology.health,,Pre-Series A,"Healthcare,Technology ","AI & Machine Learning,Telehealth ",Riyadh,Saudi Arabia
Cubelink,https://getcubelink.com/,,Seed,"Technology ,Food & Beverages ,Real Estate,Construction","AI & Machine Learning,Cloud Solution ,SaaS,Cyber Security ",Riyadh,Saudi Arabia
Marn,marn.com,,Private Equity,"Financial Services,Retail",,Riyadh,Saudi Arabia
MyFounders.Club,www.myfounders.club,,Pre-Seed,"Entertainment,Technology ,Education","Subscription,E-Learning,IT Solutions Services,Financial Solution,Podcasts / Audiobooks,SME-Funding,Web3& Metaverse ,AI & Machine Learning",Riyadh,Saudi Arabia
Trackgenesis,www.trackgenesis.com,,Private Equity,"Technology ","Blockchain Solution ,Web3& Metaverse ",Riyadh,Saudi Arabia
Epona AI Technology,https://epona.consulting/,,Seed,"Technology ","AI & Machine Learning,IT Solutions Services",Riyadh,Saudi Arabia
Paravela,https://paravela.com,,Pre-Seed,"Technology ","Blockchain Solution ,AI & Machine Learning,Web3& Metaverse ",Riyadh,Saudi Arabia
Silan AI,silanai.com,,Seed,"Technology ","AI & Machine Learning,SaaS,IT Solutions Services",Madinah,Saudi Arabia
Gifted Wallet,https://www.linkedin.com/company/giftedwallet/about/,,Pre-Seed,Financial Services,Subscription,Makkah,Saudi Arabia
MediStore,https://medistore.com.sa/,,Seed,Healthcare,"E-Commerce,Wholesale",Riyadh,Saudi Arabia
Maghsala,https://www.maghsala.co/,,Pre-Seed,"Consumer Service ",Marketplace,Riyadh,Saudi Arabia
Rased,https://www.rased.ai/,,Seed,"Technology ","Cyber Security ",Riyadh,Saudi Arabia
Sindbad.Tech,https://sindbad.tech/,,Seed,Financial Services,"Robo-Advisory ,Trading ",Riyadh,Saudi Arabia
Rawiah,https://rawiah.com/,,Seed,Education,E-Learning,Riyadh,Saudi Arabia
KASHCOOL,WWW.KASHCOOL.COM.SA,,Seed,Education,E-Learning,Riyadh,Saudi Arabia
Taawoni,https://taawoni.com/,,Seed,Education,"SaaS,E-Learning,Marketplace",Riyadh,Saudi Arabia
Agd Ejar,https://agd.sa,,Pre-Seed,"Technology ,Real Estate,Financial Services",,Makkah,Saudi Arabia
makan.design,https://www.makan.design/,,Seed,"Art & Design,Construction",,Riyadh,Saudi Arabia
ADEB,https://www.linkedin.com/in/afnan-rm/,,Seed,"Social,Technology ,HR & Recruitments","Marketplace,HR & Recruitment ",Riyadh,Saudi Arabia
Clariscan.AI,clariscan.io,,Pre-Seed,Healthcare,"AI & Machine Learning,Cloud Solution ",Riyadh,Saudi Arabia
RushRooms,https://rushrooms.net/,,Seed,"Technology ,Consumer Service ",E-Commerce,Riyadh,Saudi Arabia
Fundi,https://fundi.sa/,,Seed,Financial Services,,Riyadh,Saudi Arabia
Locate,https://www.locate.sa/,,Series A,"Food & Beverages ","Last Mile Delivery,Marketplace",Eastern,Saudi Arabia
Ertikaz Solutions,https://www.ertikaz-tech.com/,,Seed,"Logistics ","Fleet Mangement ",Riyadh,Saudi Arabia
BehavTech,https://behavtech.sa,,Seed,"Healthcare,Education","Telehealth ,E-Learning",Riyadh,Saudi Arabia
Zml,https://www.zmlapp.com/,,Seed,Pets & Animals,Marketplace,Riyadh,Saudi Arabia
Kitabh,Kitabh.com,,Pre-Seed,"Media,Media Production,Social,Entertainment","Media Production & Distribution,Social Media",Riyadh,Saudi Arabia
Bookista,bookista.sa,,Pre-Seed,"Technology ,Media Production,Media,Professional Service ","Marketplace,Social Media,Media Production & Distribution,Aggregator",Eastern,Saudi Arabia
Arable,https://www.arablefoods.com/,,Seed,"Food & Beverages ",AgriTech,Riyadh,Saudi Arabia
Colada,https://coladaapp.io/ar/,,Seed,"Food & Beverages ",AI & Machine Learning,Riyadh,Saudi Arabia
Firnas,https://www.firnas.ai/,,Pre-Seed,"Technology ",Hospitality,Riyadh,Saudi Arabia
Hollat,https://hollat.net/,,Seed,"Technology ","CRM,AI & Machine Learning",Riyadh,Saudi Arabia
MLNetworks,https://mlnetworks.io/,,Seed,Telecommunication,SaaS,Riyadh,Saudi Arabia
Olo Group,https://www.olo.net.sa/,,Seed,Education,E-Learning,Riyadh,Saudi Arabia
Order,https://tryorder.com/,,Seed,Consulting,IT Solutions Services,Riyadh,Saudi Arabia
Rintel,https://www.rintel.co/,,Pre-Seed,"Food & Beverages ",Consumer Services,Riyadh,Saudi Arabia
Saif Check,https://www.saifcheck.ai/,,Seed,"Professional Service ","Cyber Security ",Riyadh,Saudi Arabia
Wittify,https://wittify.ai/,,Seed,"Technology ",AI & Machine Learning,Riyadh,Saudi Arabia
Noot نوت,www.noot.co,,Seed,"HR & Recruitments,Technology ","CRM,ePOS,Financial Solution,HR & Recruitment ",Makkah,Saudi Arabia
Cabiro,https://cabrio.sa/,,Seed,Transportation & Automotive,Marketplace,Riyadh,Saudi Arabia
Ajeer Pay,https://ajeerpay.com,,Pre-Seed,"Financial Services,HR & Recruitments","HR & Recruitment ,B2B Financing,SaaS",Riyadh,Saudi Arabia
Paseetah prop-tech,https://paseetah.com/,,Pre-Seed,"Real Estate,Technology ","Aggregator,AI & Machine Learning",Riyadh,Saudi Arabia
Abwab,https://abwab.ai/,,Seed,"Financial Services,Insurance ","Fintech Infrastructure,Financial Solution",Riyadh,Saudi Arabia
Fanera,https://www.fanera.co/,,Seed,Sports,Advertisement,Riyadh,Saudi Arabia
Me'kaaz,https://mekaaz.com/,,Pre-Seed,Healthcare,"Telehealth ,AI & Machine Learning",Riyadh,Saudi Arabia
ShipTag,https://shiptag.com/,,Pre-Seed,"Consumer Service ","E-Commerce,AI & Machine Learning",Madinah,Saudi Arabia
Hadaya.AI,https://hadaya.ai/,,Seed,Gifting,Marketplace,Riyadh,Saudi Arabia
Uptal,https://uptal.com/,,Pre-Seed,HR & Recruitments,"AI & Machine Learning,HR & Recruitment ",Riyadh,Saudi Arabia
abwab.ai,abwab.ai,,Series A,Financial Services,"Fintech Infrastructure,SME-Funding",Riyadh,Saudi Arabia
Cycle.ai,m.almoklaq@unicodasolutions.co,,Pre-Seed,"Technology ",AI & Machine Learning,Riyadh,Saudi Arabia
لهجه Ai,ceo@digitalintelligence.sa,,Pre-Seed,Communication,AI & Machine Learning,Riyadh,Saudi Arabia
ePadel,nasser.aog@gmail.com,,Pre-Seed,Sports,"AI & Machine Learning,Game Dev",Riyadh,Saudi Arabia
Abdulmalik Alsaeed,Abdulmalik@sawt.sa,,Pre-Seed,"Consumer Service ",AI & Machine Learning,Riyadh,Saudi Arabia
MedNavigator,ibm.awwad@gmail.com,,Pre-Seed,Healthcare,AI & Machine Learning,Riyadh,Saudi Arabia
JAI,https://jai.fyi/,,Seed,"Food & Beverages ","APP Dev & PaaS,AI & Machine Learning",Riyadh,Saudi Arabia
Ms Giraffe,https://msgiraffe.com/,,Seed,"Education,Entertainment",AI & Machine Learning,Riyadh,Saudi Arabia
Rvin,https://www.rvin.sa/,,Pre-Seed,Retail,"E-Commerce,AI & Machine Learning",Riyadh,Saudi Arabia
Malameh,https://trymalameh.com/,,Pre-Seed,Fashion,AI & Machine Learning,Riyadh,Saudi Arabia
Neural Desk,Faisal.almanea0@gmail.com,,Pre-Seed,"Technology ","AI & Machine Learning,APP Dev & PaaS",Riyadh,Saudi Arabia
Maheer,skillupmaheer@gmai.com,,Pre-Seed,Sports,AI & Machine Learning,Riyadh,Saudi Arabia
DeepNet,samah.oufi@gmail.com,,Pre-Seed,Sports,AI & Machine Learning,Riyadh,Saudi Arabia
Fitness Hub,https://www.linkedin.com/in/abdulmalik-alshamari-176703206/,,Pre-Seed,"Healthcare,Sports",AI & Machine Learning,Riyadh,Saudi Arabia
vminds.ai,https://vminds.ai/,,Pre-Seed,"Professional Service ",AI & Machine Learning,Riyadh,Saudi Arabia
sahmalgo,https://sahmalgo.com/,,Pre-Seed,Financial Services,"Fintech Infrastructure,AI & Machine Learning",Riyadh,Saudi Arabia
AVA,https://ava.com.sa/,,Pre-Series A,"Logistics ,Technology ",Financial Solution,Riyadh,Saudi Arabia
Hseeltech,https://www.hseeltech.com/,,Pre-Series A,Real Estate,"Fintech Infrastructure,AI & Machine Learning",Riyadh,Saudi Arabia
Mbshr,https://mbshr.sa/,,Series A,Financial Services,"SaaS,Fintech Infrastructure",Riyadh,Saudi Arabia
Mtahd,https://mtahd.sa/en/,,Pre-Series A,Financial Services,"Financial Solution,Consumer Services",Riyadh,Saudi Arabia
Bitwadi,https://www.bitwadi.com/,,Seed,Financial Services,Fintech Infrastructure,Riyadh,Saudi Arabia
Waffy App,https://waffyapp.com/,,Pre-Series A,"Retail,Financial Services",Fintech Infrastructure,Riyadh,Saudi Arabia
IFIN,https://ifin-services.com/,,Seed,Financial Services,APP Dev & PaaS,Riyadh,Saudi Arabia
Gorex,https://gorex.ai/en,,Seed,"Logistics ,Financial Services","Fintech Infrastructure,APP Dev & PaaS",Riyadh,Saudi Arabia
Madkhol Capital,https://madkhol.com/,,Pre-Series A,Financial Services,"SME-Funding,Fintech Infrastructure,Digital Bank",Riyadh,Saudi Arabia
Razeen Capital,https://razeencapital.sa/,,Pre-Series A,"Consulting,Financial Services",AI & Machine Learning,Riyadh,Saudi Arabia
Arbon,https://arbon.com.sa/,,Pre-Seed,"Real Estate,Financial Services",Financial Solution,Riyadh,Saudi Arabia
Munaseb,https://munaseb.com.sa/en,,Pre-Series A,Real Estate,"Financial Solution,APP Dev & PaaS",Riyadh,Saudi Arabia
Lynk,https://lynk.sa/en,,Pre-Series A,Financial Services,Fintech Infrastructure,Riyadh,Saudi Arabia
Halala Plus,https://www.halalaplus.com/,,Pre-Series A,Financial Services,"AI & Machine Learning,Financial Solution",Riyadh,Saudi Arabia
Rabeh,https://www.rabeh.sa/en,,Pre-Series A,Financial Services,"Crowdfunding,Fintech Infrastructure",Riyadh,Saudi Arabia
HackSpace,https://hackspace.sa/,,Pre-Seed,Education,"Cyber Security ",Riyadh,Saudi Arabia
Soul Artists,https://soulartists.net/,,Seed,Entertainment,Marketplace,Riyadh,Saudi Arabia
Baeynh,https://bynh.sa/,,Pre-Seed,Legal,Logistics,Riyadh,Saudi Arabia
SARSAT,https://sarsatarabia.com/,,Seed,space," Commercial Satellite Imaging ",jeddah,Saudi Arabia
Akwan,https://akwan.me/en-sa?srsltid=AfmBOoqym0XnUAUXYcGSA7r0inBHxr5HYPkM05VpRAgF02Qow9g0JT,,Seed,Education,E-Learning,Riyadh,Saudi Arabia
Seavo,https://seavo.co/,,Pre-Seed,Marine Mobility,Micro‑Mobility Platform,jeddah,Saudi Arabia
Logexa,https://logexa.com/ar/,,Seed,Logistics Tech,"On-demand B2B Warehousing Platform ",Riyadh,Saudi Arabia
Stllr Network,https://www.stllr.network/en,,Seed,Marketing Technology,Marketplace,jeddah,Saudi Arabia
TechiMatter,https://www.techiematter.com/,,Pre-Seed,HR & Recruitments,"HR & Recruitment ",Riyadh,Saudi Arabia
Payzaty,https://www.payzaty.com/,,Pre-Seed,Financial Services,Fintech Infrastructure,Riyadh,Saudi Arabia
aFundy,https://afundy.net/,,Pre-Seed,Financial Services,Financial Solution,jeddah,Saudi Arabia